year,period,enddate,description,doy,assessment,location,source
1354,Sep 23,NA,grape harvest begins  (d-of-Yr),266,rather early,Beaune (CO),"Labbé, GHD_Beaune"
1355,Sep 29,NA,grape harvest begins  (d-of-Yr),272,average,Beaune (CO),"Labbé, GHD_Beaune"
1356,Oct 14,NA,grape harvest begins  (d-of-Yr),288,extremely late,Beaune (CO),"Labbé, GHD_Beaune"
1357,Sep 26,NA,grape harvest begins  (d-of-Yr),269,average,Beaune (CO),"Labbé, GHD_Beaune"
1358,Sep 23,NA,grape harvest begins  (d-of-Yr),266,rather early,Beaune (CO),"Labbé, GHD_Beaune"
1359,Oct 19,NA,grape harvest begins  (d-of-Yr),292,extremely late,Beaune (CO),"Labbé, GHD_Beaune"
1360,Sep 18,NA,grape harvest begins  (d-of-Yr),262,early,Beaune (CO),"Labbé, GHD_Beaune"
1361,Sep 18,NA,grape harvest begins  (d-of-Yr),261,early,Beaune (CO),"Labbé, GHD_Beaune"
1362,Sep 25,NA,grape harvest begins  (d-of-Yr),268,average,Beaune (CO),"Labbé, GHD_Beaune"
1363,Oct 2,NA,grape harvest begins  (d-of-Yr),275,rather late,Beaune (CO),"Labbé, GHD_Beaune"
1364,Sep 27,NA,grape harvest begins  (d-of-Yr),271,average,Beaune (CO),"Labbé, GHD_Beaune"
1365,Sep 25,NA,grape harvest begins  (d-of-Yr),268,average,Beaune (CO),"Labbé, GHD_Beaune"
1366,Oct 13,NA,grape harvest begins  (d-of-Yr),286,extremely late,Beaune (CO),"Labbé, GHD_Beaune"
1367,Oct 29,NA,grape harvest begins  (d-of-Yr),302,extremely late,Beaune (CO),"Labbé, GHD_Beaune"
1368,Oct 6,NA,grape harvest begins  (d-of-Yr),280,late,Beaune (CO),"Labbé, GHD_Beaune"
1369,Sep 27,NA,grape harvest begins  (d-of-Yr),270,average,Beaune (CO),"Labbé, GHD_Beaune"
1370,Sep 24,NA,grape harvest begins  (d-of-Yr),267,rather early,Beaune (CO),"Labbé, GHD_Beaune"
1371,Sep 24,NA,grape harvest begins  (d-of-Yr),267,rather early,Beaune (CO),"Labbé, GHD_Beaune"
1372,Oct 5,NA,grape harvest begins  (d-of-Yr),279,late,Beaune (CO),"Labbé, GHD_Beaune"
1373,Sep 20,NA,grape harvest begins  (d-of-Yr),263,early,Beaune (CO),"Labbé, GHD_Beaune"
1374,Oct 3,NA,grape harvest begins  (d-of-Yr),276,rather late,Beaune (CO),"Labbé, GHD_Beaune"
1375,Sep 26,NA,grape harvest begins  (d-of-Yr),269,average,Beaune (CO),"Labbé, GHD_Beaune"
1376,Oct 5,NA,grape harvest begins  (d-of-Yr),279,late,Beaune (CO),"Labbé, GHD_Beaune"
1377,Sep 25,NA,grape harvest begins  (d-of-Yr),268,average,Beaune (CO),"Labbé, GHD_Beaune"
1378,Oct 1,NA,grape harvest begins  (d-of-Yr),274,rather late,Beaune (CO),"Labbé, GHD_Beaune"
1379,Sep 30,NA,grape harvest begins  (d-of-Yr),273,rather late,Beaune (CO),"Labbé, GHD_Beaune"
1380,Oct 2,NA,grape harvest begins  (d-of-Yr),276,rather late,Beaune (CO),"Labbé, GHD_Beaune"
1381,Oct 4,NA,grape harvest begins  (d-of-Yr),277,late,Beaune (CO),"Labbé, GHD_Beaune"
1382,Sep 27,NA,grape harvest begins  (d-of-Yr),270,average,Beaune (CO),"Labbé, GHD_Beaune"
1383,Sep 17,NA,grape harvest begins  (d-of-Yr),260,early,Beaune (CO),"Labbé, GHD_Beaune"
1384,Sep 14,NA,grape harvest begins  (d-of-Yr),258,extremely advanced,Beaune (CO),"Labbé, GHD_Beaune"
1385,Sep 16,NA,grape harvest begins  (d-of-Yr),259,extremely advanced,Beaune (CO),"Labbé, GHD_Beaune"
1386,Sep 25,NA,grape harvest begins  (d-of-Yr),268,average,Beaune (CO),"Labbé, GHD_Beaune"
1387,Oct 4,NA,grape harvest begins  (d-of-Yr),277,late,Beaune (CO),"Labbé, GHD_Beaune"
1388,Oct 8,NA,grape harvest begins  (d-of-Yr),282,extremely late,Beaune (CO),"Labbé, GHD_Beaune"
1389,Sep 27,NA,grape harvest begins  (d-of-Yr),270,average,Beaune (CO),"Labbé, GHD_Beaune"
1390,Sep 17,NA,grape harvest begins  (d-of-Yr),260,early,Beaune (CO),"Labbé, GHD_Beaune"
1391,Sep 22,NA,grape harvest begins  (d-of-Yr),265,rather early,Beaune (CO),"Labbé, GHD_Beaune"
1392,Oct 9,NA,grape harvest begins  (d-of-Yr),283,extremely late,Beaune (CO),"Labbé, GHD_Beaune"
1393,Sep 10,NA,grape harvest begins  (d-of-Yr),253,extremely advanced,Beaune (CO),"Labbé, GHD_Beaune"
1394,Oct 7,NA,grape harvest begins  (d-of-Yr),280,late,Beaune (CO),"Labbé, GHD_Beaune"
1395,Oct 1,NA,grape harvest begins  (d-of-Yr),274,rather late,Beaune (CO),"Labbé, GHD_Beaune"
1396,Sep 19,NA,grape harvest begins  (d-of-Yr),263,early,Beaune (CO),"Labbé, GHD_Beaune"
1397,Sep 15,NA,grape harvest begins  (d-of-Yr),258,extremely advanced,Beaune (CO),"Labbé, GHD_Beaune"
1398,Sep 24,NA,grape harvest begins  (d-of-Yr),267,rather early,Beaune (CO),"Labbé, GHD_Beaune"
1399,Oct 7,NA,grape harvest begins  (d-of-Yr),280,late,Beaune (CO),"Labbé, GHD_Beaune"
1400,Sep 17,NA,grape harvest begins  (d-of-Yr),260,early,Beaune (CO),"Labbé, GHD_Beaune"
1401,Sep 16,NA,grape harvest begins  (d-of-Yr),259,extremely advanced,Beaune (CO),"Labbé, GHD_Beaune"
1402,Sep 16,NA,grape harvest begins  (d-of-Yr),259,extremely advanced,Beaune (CO),"Labbé, GHD_Beaune"
1403,Sep 18,NA,grape harvest begins  (d-of-Yr),261,early,Beaune (CO),"Labbé, GHD_Beaune"
1404,Oct 3,NA,grape harvest begins  (d-of-Yr),277,late,Beaune (CO),"Labbé, GHD_Beaune"
1405,Oct 2,NA,grape harvest begins  (d-of-Yr),275,rather late,Beaune (CO),"Labbé, GHD_Beaune"
1406,Sep 28,NA,grape harvest begins  (d-of-Yr),271,average,Beaune (CO),"Labbé, GHD_Beaune"
1407,Sep 15,NA,grape harvest begins  (d-of-Yr),258,extremely advanced,Beaune (CO),"Labbé, GHD_Beaune"
1408,Sep 15,NA,grape harvest begins  (d-of-Yr),259,extremely advanced,Beaune (CO),"Labbé, GHD_Beaune"
1409,Sep 12,NA,grape harvest begins  (d-of-Yr),255,extremely advanced,Beaune (CO),"Labbé, GHD_Beaune"
1410,Oct 1,NA,grape harvest begins  (d-of-Yr),274,rather late,Beaune (CO),"Labbé, GHD_Beaune"
1411,Oct 7,NA,grape harvest begins  (d-of-Yr),280,late,Beaune (CO),"Labbé, GHD_Beaune"
1412,Sep 18,NA,grape harvest begins  (d-of-Yr),262,early,Beaune (CO),"Labbé, GHD_Beaune"
1413,Sep 11,NA,grape harvest begins  (d-of-Yr),254,extremely advanced,Beaune (CO),"Labbé, GHD_Beaune"
1414,Oct 1,NA,grape harvest begins  (d-of-Yr),274,rather late,Beaune (CO),"Labbé, GHD_Beaune"
1415,Sep 25,NA,grape harvest begins  (d-of-Yr),268,average,Beaune (CO),"Labbé, GHD_Beaune"
1416,Sep 30,NA,grape harvest begins  (d-of-Yr),274,rather late,Beaune (CO),"Labbé, GHD_Beaune"
1417,Sep 25,NA,grape harvest begins  (d-of-Yr),268,average,Beaune (CO),"Labbé, GHD_Beaune"
1418,Sep 16,NA,grape harvest begins  (d-of-Yr),259,extremely advanced,Beaune (CO),"Labbé, GHD_Beaune"
1419,Sep 22,NA,grape harvest begins  (d-of-Yr),265,rather early,Beaune (CO),"Labbé, GHD_Beaune"
1420,Sep 5,NA,grape harvest begins  (d-of-Yr),249,extremely advanced,Beaune (CO),"Labbé, GHD_Beaune"
1421,Sep 24,NA,grape harvest begins  (d-of-Yr),267,rather early,Beaune (CO),"Labbé, GHD_Beaune"
1422,Sep 16,NA,grape harvest begins  (d-of-Yr),259,extremely advanced,Beaune (CO),"Labbé, GHD_Beaune"
1423,Oct 1,NA,grape harvest begins  (d-of-Yr),274,rather late,Beaune (CO),"Labbé, GHD_Beaune"
1424,Sep 16,NA,grape harvest begins  (d-of-Yr),260,early,Beaune (CO),"Labbé, GHD_Beaune"
1425,Sep 20,NA,grape harvest begins  (d-of-Yr),263,early,Beaune (CO),"Labbé, GHD_Beaune"
1426,Sep 16,NA,grape harvest begins  (d-of-Yr),259,extremely advanced,Beaune (CO),"Labbé, GHD_Beaune"
1427,Sep 28,NA,grape harvest begins  (d-of-Yr),271,average,Beaune (CO),"Labbé, GHD_Beaune"
1428,Oct 10,NA,grape harvest begins  (d-of-Yr),284,extremely late,Beaune (CO),"Labbé, GHD_Beaune"
1429,Sep 29,NA,grape harvest begins  (d-of-Yr),272,average,Beaune (CO),"Labbé, GHD_Beaune"
1430,Sep 18,NA,grape harvest begins  (d-of-Yr),261,early,Beaune (CO),"Labbé, GHD_Beaune"
1431,Sep 23,NA,grape harvest begins  (d-of-Yr),266,rather early,Beaune (CO),"Labbé, GHD_Beaune"
1432,Sep 18,NA,grape harvest begins  (d-of-Yr),262,early,Beaune (CO),"Labbé, GHD_Beaune"
1433,Sep 18,NA,grape harvest begins  (d-of-Yr),261,early,Beaune (CO),"Labbé, GHD_Beaune"
1434,Sep 4,NA,grape harvest begins  (d-of-Yr),247,extremely advanced,Beaune (CO),"Labbé, GHD_Beaune"
1435,Sep 22,NA,grape harvest begins  (d-of-Yr),265,rather early,Beaune (CO),"Labbé, GHD_Beaune"
1436,Oct 5,NA,grape harvest begins  (d-of-Yr),279,late,Beaune (CO),"Labbé, GHD_Beaune"
1437,Oct 2,NA,grape harvest begins  (d-of-Yr),275,rather late,Beaune (CO),"Labbé, GHD_Beaune"
1438,Sep 26,NA,grape harvest begins  (d-of-Yr),269,average,Beaune (CO),"Labbé, GHD_Beaune"
1439,Sep 20,NA,grape harvest begins  (d-of-Yr),263,early,Beaune (CO),"Labbé, GHD_Beaune"
1440,Oct 1,NA,grape harvest begins  (d-of-Yr),275,rather late,Beaune (CO),"Labbé, GHD_Beaune"
1441,Sep 22,NA,grape harvest begins  (d-of-Yr),265,rather early,Beaune (CO),"Labbé, GHD_Beaune"
1442,Oct 14,NA,grape harvest begins  (d-of-Yr),287,extremely late,Beaune (CO),"Labbé, GHD_Beaune"
1443,Sep 27,NA,grape harvest begins  (d-of-Yr),270,average,Beaune (CO),"Labbé, GHD_Beaune"
1444,Sep 26,NA,grape harvest begins  (d-of-Yr),270,average,Beaune (CO),"Labbé, GHD_Beaune"
1445,Sep 23,NA,grape harvest begins  (d-of-Yr),266,rather early,Beaune (CO),"Labbé, GHD_Beaune"
1446,Oct 1,NA,grape harvest begins  (d-of-Yr),274,rather late,Beaune (CO),"Labbé, GHD_Beaune"
1447,Oct 4,NA,grape harvest begins  (d-of-Yr),277,late,Beaune (CO),"Labbé, GHD_Beaune"
1448,Oct 3,NA,grape harvest begins  (d-of-Yr),277,late,Beaune (CO),"Labbé, GHD_Beaune"
1449,Oct 5,NA,grape harvest begins  (d-of-Yr),278,late,Beaune (CO),"Labbé, GHD_Beaune"
1450,Sep 30,NA,grape harvest begins  (d-of-Yr),273,rather late,Beaune (CO),"Labbé, GHD_Beaune"
1451,Oct 13,NA,grape harvest begins  (d-of-Yr),286,extremely late,Beaune (CO),"Labbé, GHD_Beaune"
1452,Sep 28,NA,grape harvest begins  (d-of-Yr),272,average,Beaune (CO),"Labbé, GHD_Beaune"
1453,Oct 14,NA,grape harvest begins  (d-of-Yr),287,extremely late,Beaune (CO),"Labbé, GHD_Beaune"
1454,Oct 11,NA,grape harvest begins  (d-of-Yr),284,extremely late,Beaune (CO),"Labbé, GHD_Beaune"
1455,Oct 8,NA,grape harvest begins  (d-of-Yr),281,late,Beaune (CO),"Labbé, GHD_Beaune"
1456,Oct 9,NA,grape harvest begins  (d-of-Yr),283,extremely late,Beaune (CO),"Labbé, GHD_Beaune"
1457,Sep 20,NA,grape harvest begins  (d-of-Yr),263,early,Beaune (CO),"Labbé, GHD_Beaune"
1458,Sep 27,NA,grape harvest begins  (d-of-Yr),270,average,Beaune (CO),"Labbé, GHD_Beaune"
1459,Oct 8,NA,grape harvest begins  (d-of-Yr),281,late,Beaune (CO),"Labbé, GHD_Beaune"
1460,Oct 1,NA,grape harvest begins  (d-of-Yr),275,rather late,Beaune (CO),"Labbé, GHD_Beaune"
1461,Sep 19,NA,grape harvest begins  (d-of-Yr),262,early,Beaune (CO),"Labbé, GHD_Beaune"
1462,Sep 20,NA,grape harvest begins  (d-of-Yr),263,early,Beaune (CO),"Labbé, GHD_Beaune"
1463,Oct 5,NA,grape harvest begins  (d-of-Yr),278,late,Beaune (CO),"Labbé, GHD_Beaune"
1464,Sep 16,NA,grape harvest begins  (d-of-Yr),260,early,Beaune (CO),"Labbé, GHD_Beaune"
1465,Oct 12,NA,grape harvest begins  (d-of-Yr),285,extremely late,Beaune (CO),"Labbé, GHD_Beaune"
1466,Sep 29,NA,grape harvest begins  (d-of-Yr),272,average,Beaune (CO),"Labbé, GHD_Beaune"
1467,Oct 1,NA,grape harvest begins  (d-of-Yr),274,rather late,Beaune (CO),"Labbé, GHD_Beaune"
1468,Oct 9,NA,grape harvest begins  (d-of-Yr),283,extremely late,Beaune (CO),"Labbé, GHD_Beaune"
1469,Sep 29,NA,grape harvest begins  (d-of-Yr),272,average,Beaune (CO),"Labbé, GHD_Beaune"
1470,Oct 11,NA,grape harvest begins  (d-of-Yr),284,extremely late,Beaune (CO),"Labbé, GHD_Beaune"
1471,Sep 19,NA,grape harvest begins  (d-of-Yr),262,early,Beaune (CO),"Labbé, GHD_Beaune"
1472,Sep 23,NA,grape harvest begins  (d-of-Yr),267,rather early,Beaune (CO),"Labbé, GHD_Beaune"
1473,Sep 5,NA,grape harvest begins  (d-of-Yr),248,extremely advanced,Beaune (CO),"Labbé, GHD_Beaune"
1474,Oct 5,NA,grape harvest begins  (d-of-Yr),278,late,Beaune (CO),"Labbé, GHD_Beaune"
1475,Sep 23,NA,grape harvest begins  (d-of-Yr),266,rather early,Beaune (CO),"Labbé, GHD_Beaune"
1476,Sep 25,NA,grape harvest begins  (d-of-Yr),269,average,Beaune (CO),"Labbé, GHD_Beaune"
1477,Oct 11,NA,grape harvest begins  (d-of-Yr),284,extremely late,Beaune (CO),"Labbé, GHD_Beaune"
1478,Sep 26,NA,grape harvest begins  (d-of-Yr),269,average,Beaune (CO),"Labbé, GHD_Beaune"
1479,Sep 18,NA,grape harvest begins  (d-of-Yr),261,early,Beaune (CO),"Labbé, GHD_Beaune"
1480,Oct 6,NA,grape harvest begins  (d-of-Yr),280,late,Beaune (CO),"Labbé, GHD_Beaune"
1481,Oct 20,NA,grape harvest begins  (d-of-Yr),293,extremely late,Beaune (CO),"Labbé, GHD_Beaune"
1482,Sep 19,NA,grape harvest begins  (d-of-Yr),262,early,Beaune (CO),"Labbé, GHD_Beaune"
1483,Sep 18,NA,grape harvest begins  (d-of-Yr),261,early,Beaune (CO),"Labbé, GHD_Beaune"
1484,Sep 23,NA,grape harvest begins  (d-of-Yr),267,rather early,Beaune (CO),"Labbé, GHD_Beaune"
1485,Oct 9,NA,grape harvest begins  (d-of-Yr),282,extremely late,Beaune (CO),"Labbé, GHD_Beaune"
1486,Sep 20,NA,grape harvest begins  (d-of-Yr),263,early,Beaune (CO),"Labbé, GHD_Beaune"
1487,Sep 23,NA,grape harvest begins  (d-of-Yr),266,rather early,Beaune (CO),"Labbé, GHD_Beaune"
1488,Oct 19,NA,grape harvest begins  (d-of-Yr),293,extremely late,Beaune (CO),"Labbé, GHD_Beaune"
1489,Oct 5,NA,grape harvest begins  (d-of-Yr),278,late,Beaune (CO),"Labbé, GHD_Beaune"
1490,Sep 23,NA,grape harvest begins  (d-of-Yr),266,rather early,Beaune (CO),"Labbé, GHD_Beaune"
1491,Oct 14,NA,grape harvest begins  (d-of-Yr),287,extremely late,Beaune (CO),"Labbé, GHD_Beaune"
1492,Sep 21,NA,grape harvest begins  (d-of-Yr),265,rather early,Beaune (CO),"Labbé, GHD_Beaune"
1493,Oct 3,NA,grape harvest begins  (d-of-Yr),276,rather late,Beaune (CO),"Labbé, GHD_Beaune"
1494,Sep 20,NA,grape harvest begins  (d-of-Yr),263,early,Beaune (CO),"Labbé, GHD_Beaune"
1495,Sep 16,NA,grape harvest begins  (d-of-Yr),259,extremely advanced,Beaune (CO),"Labbé, GHD_Beaune"
1496,Oct 8,NA,grape harvest begins  (d-of-Yr),282,extremely late,Beaune (CO),"Labbé, GHD_Beaune"
1497,Oct 9,NA,grape harvest begins  (d-of-Yr),282,extremely late,Beaune (CO),"Labbé, GHD_Beaune"
1498,Oct 13,NA,grape harvest begins  (d-of-Yr),286,extremely late,Beaune (CO),"Labbé, GHD_Beaune"
1499,Oct 3,NA,grape harvest begins  (d-of-Yr),276,rather late,Beaune (CO),"Labbé, GHD_Beaune"
1500,Sep 18,NA,grape harvest begins  (d-of-Yr),261,early,Beaune (CO),"Labbé, GHD_Beaune"
1501,Sep 21,NA,grape harvest begins  (d-of-Yr),264,early,Beaune (CO),"Labbé, GHD_Beaune"
1502,Sep 26,NA,grape harvest begins  (d-of-Yr),269,average,Beaune (CO),"Labbé, GHD_Beaune"
1503,Sep 21,NA,grape harvest begins  (d-of-Yr),264,early,Beaune (CO),"Labbé, GHD_Beaune"
1504,Sep 14,NA,grape harvest begins  (d-of-Yr),258,extremely advanced,Beaune (CO),"Labbé, GHD_Beaune"
1505,Oct 17,NA,grape harvest begins  (d-of-Yr),290,extremely late,Beaune (CO),"Labbé, GHD_Beaune"
1506,Sep 28,NA,grape harvest begins  (d-of-Yr),271,average,Beaune (CO),"Labbé, GHD_Beaune"
1507,Sep 20,NA,grape harvest begins  (d-of-Yr),263,early,Beaune (CO),"Labbé, GHD_Beaune"
1508,Sep 26,NA,grape harvest begins  (d-of-Yr),270,average,Beaune (CO),"Labbé, GHD_Beaune"
1509,Sep 20,NA,grape harvest begins  (d-of-Yr),263,early,Beaune (CO),"Labbé, GHD_Beaune"
1510,Sep 24,NA,grape harvest begins  (d-of-Yr),267,rather early,Beaune (CO),"Labbé, GHD_Beaune"
1511,Oct 8,NA,grape harvest begins  (d-of-Yr),281,late,Beaune (CO),"Labbé, GHD_Beaune"
1512,Sep 23,NA,grape harvest begins  (d-of-Yr),267,rather early,Beaune (CO),"Labbé, GHD_Beaune"
1513,Sep 19,NA,grape harvest begins  (d-of-Yr),262,early,Beaune (CO),"Labbé, GHD_Beaune"
1514,Sep 27,NA,grape harvest begins  (d-of-Yr),270,average,Beaune (CO),"Labbé, GHD_Beaune"
1515,Oct 2,NA,grape harvest begins  (d-of-Yr),275,rather late,Beaune (CO),"Labbé, GHD_Beaune"
1516,Sep 11,NA,grape harvest begins  (d-of-Yr),255,extremely advanced,Beaune (CO),"Labbé, GHD_Beaune"
1517,Sep 20,NA,grape harvest begins  (d-of-Yr),263,early,Beaune (CO),"Labbé, GHD_Beaune"
1518,Sep 16,NA,grape harvest begins  (d-of-Yr),259,extremely advanced,Beaune (CO),"Labbé, GHD_Beaune"
1519,Oct 6,NA,grape harvest begins  (d-of-Yr),279,late,Beaune (CO),"Labbé, GHD_Beaune"
1520,Sep 12,NA,grape harvest begins  (d-of-Yr),256,extremely advanced,Beaune (CO),"Labbé, GHD_Beaune"
1521,Sep 17,NA,grape harvest begins  (d-of-Yr),260,early,Beaune (CO),"Labbé, GHD_Beaune"
1522,Oct 2,NA,grape harvest begins  (d-of-Yr),275,rather late,Beaune (CO),"Labbé, GHD_Beaune"
1523,Sep 29,NA,grape harvest begins  (d-of-Yr),272,average,Beaune (CO),"Labbé, GHD_Beaune"
1524,Sep 15,NA,grape harvest begins  (d-of-Yr),259,extremely advanced,Beaune (CO),"Labbé, GHD_Beaune"
1525,Sep 17,NA,grape harvest begins  (d-of-Yr),260,early,Beaune (CO),"Labbé, GHD_Beaune"
1526,Oct 2,NA,grape harvest begins  (d-of-Yr),275,rather late,Beaune (CO),"Labbé, GHD_Beaune"
1527,Oct 10,NA,grape harvest begins  (d-of-Yr),283,extremely late,Beaune (CO),"Labbé, GHD_Beaune"
1528,Oct 1,NA,grape harvest begins  (d-of-Yr),275,rather late,Beaune (CO),"Labbé, GHD_Beaune"
1529,Oct 5,NA,grape harvest begins  (d-of-Yr),278,late,Beaune (CO),"Labbé, GHD_Beaune"
1530,Sep 12,NA,grape harvest begins  (d-of-Yr),255,extremely advanced,Beaune (CO),"Labbé, GHD_Beaune"
1531,Sep 29,NA,grape harvest begins  (d-of-Yr),272,average,Beaune (CO),"Labbé, GHD_Beaune"
1532,Sep 24,NA,grape harvest begins  (d-of-Yr),268,average,Beaune (CO),"Labbé, GHD_Beaune"
1533,Sep 30,NA,grape harvest begins  (d-of-Yr),273,rather late,Beaune (CO),"Labbé, GHD_Beaune"
1534,Sep 17,NA,grape harvest begins  (d-of-Yr),260,early,Beaune (CO),"Labbé, GHD_Beaune"
1535,Sep 30,NA,grape harvest begins  (d-of-Yr),273,rather late,Beaune (CO),"Labbé, GHD_Beaune"
1536,Sep 14,NA,grape harvest begins  (d-of-Yr),258,extremely advanced,Beaune (CO),"Labbé, GHD_Beaune"
1537,Oct 4,NA,grape harvest begins  (d-of-Yr),277,late,Beaune (CO),"Labbé, GHD_Beaune"
1538,Sep 12,NA,grape harvest begins  (d-of-Yr),255,extremely advanced,Beaune (CO),"Labbé, GHD_Beaune"
1539,Sep 23,NA,grape harvest begins  (d-of-Yr),266,rather early,Beaune (CO),"Labbé, GHD_Beaune"
1540,Sep 6,NA,grape harvest begins  (d-of-Yr),250,extremely advanced,Beaune (CO),"Labbé, GHD_Beaune"
1541,Oct 10,NA,grape harvest begins  (d-of-Yr),283,extremely late,Beaune (CO),"Labbé, GHD_Beaune"
1542,Oct 24,NA,grape harvest begins  (d-of-Yr),297,extremely late,Beaune (CO),"Labbé, GHD_Beaune"
1543,Oct 2,NA,grape harvest begins  (d-of-Yr),275,rather late,Beaune (CO),"Labbé, GHD_Beaune"
1544,Oct 2,NA,grape harvest begins  (d-of-Yr),276,rather late,Beaune (CO),"Labbé, GHD_Beaune"
1545,Sep 17,NA,grape harvest begins  (d-of-Yr),260,early,Beaune (CO),"Labbé, GHD_Beaune"
1546,Sep 16,NA,grape harvest begins  (d-of-Yr),259,extremely advanced,Beaune (CO),"Labbé, GHD_Beaune"
1547,Sep 22,NA,grape harvest begins  (d-of-Yr),265,rather early,Beaune (CO),"Labbé, GHD_Beaune"
1548,Sep 27,NA,grape harvest begins  (d-of-Yr),271,average,Beaune (CO),"Labbé, GHD_Beaune"
1549,Oct 3,NA,grape harvest begins  (d-of-Yr),276,rather late,Beaune (CO),"Labbé, GHD_Beaune"
1550,Oct 2,NA,grape harvest begins  (d-of-Yr),275,rather late,Beaune (CO),"Labbé, GHD_Beaune"
1551,Sep 24,NA,grape harvest begins  (d-of-Yr),267,rather early,Beaune (CO),"Labbé, GHD_Beaune"
1552,Sep 15,NA,grape harvest begins  (d-of-Yr),259,extremely advanced,Beaune (CO),"Labbé, GHD_Beaune"
1553,Oct 3,NA,grape harvest begins  (d-of-Yr),276,rather late,Beaune (CO),"Labbé, GHD_Beaune"
1554,Sep 20,NA,grape harvest begins  (d-of-Yr),263,early,Beaune (CO),"Labbé, GHD_Beaune"
1555,Oct 6,NA,grape harvest begins  (d-of-Yr),279,late,Beaune (CO),"Labbé, GHD_Beaune"
1556,Aug 23,NA,grape harvest begins  (d-of-Yr),236,extremely advanced,Beaune (CO),"Labbé, GHD_Beaune"
1557,Sep 24,NA,grape harvest begins  (d-of-Yr),267,rather early,Beaune (CO),"Labbé, GHD_Beaune"
1558,Sep 23,NA,grape harvest begins  (d-of-Yr),266,rather early,Beaune (CO),"Labbé, GHD_Beaune"
1559,Aug 31,NA,grape harvest begins  (d-of-Yr),243,extremely advanced,Beaune (CO),"Labbé, GHD_Beaune"
1560,Sep 27,NA,grape harvest begins  (d-of-Yr),271,average,Beaune (CO),"Labbé, GHD_Beaune"
1561,Sep 16,NA,grape harvest begins  (d-of-Yr),259,extremely advanced,Beaune (CO),"Labbé, GHD_Beaune"
1562,Sep 24,NA,grape harvest begins  (d-of-Yr),267,rather early,Beaune (CO),"Labbé, GHD_Beaune"
1563,Sep 27,NA,grape harvest begins  (d-of-Yr),270,average,Beaune (CO),"Labbé, GHD_Beaune"
1564,Oct 9,NA,grape harvest begins  (d-of-Yr),283,extremely late,Beaune (CO),"Labbé, GHD_Beaune"
1565,Sep 16,NA,grape harvest begins  (d-of-Yr),259,extremely advanced,Beaune (CO),"Labbé, GHD_Beaune"
1566,Sep 24,NA,grape harvest begins  (d-of-Yr),267,rather early,Beaune (CO),"Labbé, GHD_Beaune"
1567,Sep 17,NA,grape harvest begins  (d-of-Yr),260,early,Beaune (CO),"Labbé, GHD_Beaune"
1568,Sep 30,NA,grape harvest begins  (d-of-Yr),274,rather late,Beaune (CO),"Labbé, GHD_Beaune"
1569,Sep 26,NA,grape harvest begins  (d-of-Yr),269,average,Beaune (CO),"Labbé, GHD_Beaune"
1570,Oct 2,NA,grape harvest begins  (d-of-Yr),275,rather late,Beaune (CO),"Labbé, GHD_Beaune"
1571,Sep 9,NA,grape harvest begins  (d-of-Yr),252,extremely advanced,Beaune (CO),"Labbé, GHD_Beaune"
1572,Sep 18,NA,grape harvest begins  (d-of-Yr),262,early,Beaune (CO),"Labbé, GHD_Beaune"
1573,Oct 12,NA,grape harvest begins  (d-of-Yr),285,extremely late,Beaune (CO),"Labbé, GHD_Beaune"
1574,Sep 30,NA,grape harvest begins  (d-of-Yr),273,rather late,Beaune (CO),"Labbé, GHD_Beaune"
1575,Sep 24,NA,grape harvest begins  (d-of-Yr),267,rather early,Beaune (CO),"Labbé, GHD_Beaune"
1576,Oct 5,NA,grape harvest begins  (d-of-Yr),279,late,Beaune (CO),"Labbé, GHD_Beaune"
1577,Oct 2,NA,grape harvest begins  (d-of-Yr),275,rather late,Beaune (CO),"Labbé, GHD_Beaune"
1578,Sep 22,NA,grape harvest begins  (d-of-Yr),265,rather early,Beaune (CO),"Labbé, GHD_Beaune"
1579,Oct 8,NA,grape harvest begins  (d-of-Yr),281,late,Beaune (CO),"Labbé, GHD_Beaune"
1580,Sep 28,NA,grape harvest begins  (d-of-Yr),272,average,Beaune (CO),"Labbé, GHD_Beaune"
1581,Oct 5,NA,grape harvest begins  (d-of-Yr),278,late,Beaune (CO),"Labbé, GHD_Beaune"
1582,Sep 28,NA,grape harvest begins  (d-of-Yr),271,average,Beaune (CO),"Labbé, GHD_Beaune"
1583,Sep 12,NA,grape harvest begins  (d-of-Yr),255,extremely advanced,Beaune (CO),"Labbé, GHD_Beaune"
1584,Sep 26,NA,grape harvest begins  (d-of-Yr),270,average,Beaune (CO),"Labbé, GHD_Beaune"
1585,Oct 6,NA,grape harvest begins  (d-of-Yr),279,late,Beaune (CO),"Labbé, GHD_Beaune"
1586,Oct 6,NA,grape harvest begins  (d-of-Yr),279,late,Beaune (CO),"Labbé, GHD_Beaune"
1587,Oct 16,NA,grape harvest begins  (d-of-Yr),289,extremely late,Beaune (CO),"Labbé, GHD_Beaune"
1588,Sep 25,NA,grape harvest begins  (d-of-Yr),269,average,Beaune (CO),"Labbé, GHD_Beaune"
1589,Oct 6,NA,grape harvest begins  (d-of-Yr),279,late,Beaune (CO),"Labbé, GHD_Beaune"
1590,Sep 15,NA,grape harvest begins  (d-of-Yr),258,extremely advanced,Beaune (CO),"Labbé, GHD_Beaune"
1591,Oct 8,NA,grape harvest begins  (d-of-Yr),281,late,Beaune (CO),"Labbé, GHD_Beaune"
1592,Oct 5,NA,grape harvest begins  (d-of-Yr),279,late,Beaune (CO),"Labbé, GHD_Beaune"
1593,Oct 8,NA,grape harvest begins  (d-of-Yr),281,late,Beaune (CO),"Labbé, GHD_Beaune"
1594,Oct 6,NA,grape harvest begins  (d-of-Yr),279,late,Beaune (CO),"Labbé, GHD_Beaune"
1595,Oct 2,NA,grape harvest begins  (d-of-Yr),275,rather late,Beaune (CO),"Labbé, GHD_Beaune"
1596,Oct 21,NA,grape harvest begins  (d-of-Yr),295,extremely late,Beaune (CO),"Labbé, GHD_Beaune"
1597,Oct 14,NA,grape harvest begins  (d-of-Yr),287,extremely late,Beaune (CO),"Labbé, GHD_Beaune"
1598,Sep 28,NA,grape harvest begins  (d-of-Yr),271,average,Beaune (CO),"Labbé, GHD_Beaune"
1599,Sep 13,NA,grape harvest begins  (d-of-Yr),256,extremely advanced,Beaune (CO),"Labbé, GHD_Beaune"
1600,Oct 19,NA,grape harvest begins  (d-of-Yr),293,extremely late,Beaune (CO),"Labbé, GHD_Beaune"
1601,Oct 9,NA,grape harvest begins  (d-of-Yr),282,extremely late,Beaune (CO),"Labbé, GHD_Beaune"
1602,Sep 26,NA,grape harvest begins  (d-of-Yr),269,average,Beaune (CO),"Labbé, GHD_Beaune"
1603,Sep 3,NA,grape harvest begins  (d-of-Yr),246,extremely advanced,Beaune (CO),"Labbé, GHD_Beaune"
1604,Sep 21,NA,grape harvest begins  (d-of-Yr),265,rather early,Beaune (CO),"Labbé, GHD_Beaune"
1605,Sep 21,NA,grape harvest begins  (d-of-Yr),264,early,Beaune (CO),"Labbé, GHD_Beaune"
1606,Oct 4,NA,grape harvest begins  (d-of-Yr),277,late,Beaune (CO),"Labbé, GHD_Beaune"
1607,Sep 19,NA,grape harvest begins  (d-of-Yr),262,early,Beaune (CO),"Labbé, GHD_Beaune"
1608,Oct 6,NA,grape harvest begins  (d-of-Yr),280,late,Beaune (CO),"Labbé, GHD_Beaune"
1609,Sep 26,NA,grape harvest begins  (d-of-Yr),269,average,Beaune (CO),"Labbé, GHD_Beaune"
1610,Sep 20,NA,grape harvest begins  (d-of-Yr),263,early,Beaune (CO),"Labbé, GHD_Beaune"
1611,Sep 10,NA,grape harvest begins  (d-of-Yr),253,extremely advanced,Beaune (CO),"Labbé, GHD_Beaune"
1612,Sep 30,NA,grape harvest begins  (d-of-Yr),274,rather late,Beaune (CO),"Labbé, GHD_Beaune"
1613,Sep 28,NA,grape harvest begins  (d-of-Yr),271,average,Beaune (CO),"Labbé, GHD_Beaune"
1614,Oct 9,NA,grape harvest begins  (d-of-Yr),282,extremely late,Beaune (CO),"Labbé, GHD_Beaune"
1615,Sep 17,NA,grape harvest begins  (d-of-Yr),260,early,Beaune (CO),"Labbé, GHD_Beaune"
1616,Sep 15,NA,grape harvest begins  (d-of-Yr),259,extremely advanced,Beaune (CO),"Labbé, GHD_Beaune"
1617,Oct 4,NA,grape harvest begins  (d-of-Yr),277,late,Beaune (CO),"Labbé, GHD_Beaune"
1618,Oct 5,NA,grape harvest begins  (d-of-Yr),278,late,Beaune (CO),"Labbé, GHD_Beaune"
1619,Sep 27,NA,grape harvest begins  (d-of-Yr),270,average,Beaune (CO),"Labbé, GHD_Beaune"
1620,Oct 2,NA,grape harvest begins  (d-of-Yr),276,rather late,Beaune (CO),"Labbé, GHD_Beaune"
1621,Oct 19,NA,grape harvest begins  (d-of-Yr),292,extremely late,Beaune (CO),"Labbé, GHD_Beaune"
1622,Sep 28,NA,grape harvest begins  (d-of-Yr),271,average,Beaune (CO),"Labbé, GHD_Beaune"
1623,Sep 20,NA,grape harvest begins  (d-of-Yr),263,early,Beaune (CO),"Labbé, GHD_Beaune"
1624,Sep 19,NA,grape harvest begins  (d-of-Yr),263,early,Beaune (CO),"Labbé, GHD_Beaune"
1625,Oct 6,NA,grape harvest begins  (d-of-Yr),279,late,Beaune (CO),"Labbé, GHD_Beaune"
1626,Oct 1,NA,grape harvest begins  (d-of-Yr),274,rather late,Beaune (CO),"Labbé, GHD_Beaune"
1627,Oct 21,NA,grape harvest begins  (d-of-Yr),294,extremely late,Beaune (CO),"Labbé, GHD_Beaune"
1628,Oct 12,NA,grape harvest begins  (d-of-Yr),286,extremely late,Beaune (CO),"Labbé, GHD_Beaune"
1629,Oct 4,NA,grape harvest begins  (d-of-Yr),277,late,Beaune (CO),"Labbé, GHD_Beaune"
1630,Sep 21,NA,grape harvest begins  (d-of-Yr),264,early,Beaune (CO),"Labbé, GHD_Beaune"
1631,Sep 28,NA,grape harvest begins  (d-of-Yr),271,average,Beaune (CO),"Labbé, GHD_Beaune"
1632,Oct 14,NA,grape harvest begins  (d-of-Yr),288,extremely late,Beaune (CO),"Labbé, GHD_Beaune"
1633,Oct 15,NA,grape harvest begins  (d-of-Yr),288,extremely late,Beaune (CO),"Labbé, GHD_Beaune"
1634,Oct 8,NA,grape harvest begins  (d-of-Yr),281,late,Beaune (CO),"Labbé, GHD_Beaune"
1635,Sep 29,NA,grape harvest begins  (d-of-Yr),272,average,Beaune (CO),"Labbé, GHD_Beaune"
1636,Oct 4,NA,grape harvest begins  (d-of-Yr),278,late,Beaune (CO),"Labbé, GHD_Beaune"
1637,Oct 1,NA,grape harvest begins  (d-of-Yr),274,rather late,Beaune (CO),"Labbé, GHD_Beaune"
1638,Sep 18,NA,grape harvest begins  (d-of-Yr),261,early,Beaune (CO),"Labbé, GHD_Beaune"
1639,Sep 23,NA,grape harvest begins  (d-of-Yr),266,rather early,Beaune (CO),"Labbé, GHD_Beaune"
1640,Oct 5,NA,grape harvest begins  (d-of-Yr),279,late,Beaune (CO),"Labbé, GHD_Beaune"
1641,Oct 1,NA,grape harvest begins  (d-of-Yr),274,rather late,Beaune (CO),"Labbé, GHD_Beaune"
1642,Oct 6,NA,grape harvest begins  (d-of-Yr),279,late,Beaune (CO),"Labbé, GHD_Beaune"
1643,Oct 5,NA,grape harvest begins  (d-of-Yr),278,late,Beaune (CO),"Labbé, GHD_Beaune"
1644,Sep 19,NA,grape harvest begins  (d-of-Yr),263,early,Beaune (CO),"Labbé, GHD_Beaune"
1645,Sep 11,NA,grape harvest begins  (d-of-Yr),254,extremely advanced,Beaune (CO),"Labbé, GHD_Beaune"
1646,Sep 19,NA,grape harvest begins  (d-of-Yr),262,early,Beaune (CO),"Labbé, GHD_Beaune"
1647,Sep 30,NA,grape harvest begins  (d-of-Yr),273,rather late,Beaune (CO),"Labbé, GHD_Beaune"
1648,Oct 5,NA,grape harvest begins  (d-of-Yr),279,late,Beaune (CO),"Labbé, GHD_Beaune"
1649,Oct 11,NA,grape harvest begins  (d-of-Yr),284,extremely late,Beaune (CO),"Labbé, GHD_Beaune"
1650,Sep 30,NA,grape harvest begins  (d-of-Yr),273,rather late,Beaune (CO),"Labbé, GHD_Beaune"
1651,Sep 18,NA,grape harvest begins  (d-of-Yr),261,early,Beaune (CO),"Labbé, GHD_Beaune"
1652,Sep 26,NA,grape harvest begins  (d-of-Yr),270,average,Beaune (CO),"Labbé, GHD_Beaune"
1653,Sep 17,NA,grape harvest begins  (d-of-Yr),260,early,Beaune (CO),"Labbé, GHD_Beaune"
1654,Oct 5,NA,grape harvest begins  (d-of-Yr),278,late,Beaune (CO),"Labbé, GHD_Beaune"
1655,Sep 29,NA,grape harvest begins  (d-of-Yr),272,average,Beaune (CO),"Labbé, GHD_Beaune"
1656,Oct 2,NA,grape harvest begins  (d-of-Yr),276,rather late,Beaune (CO),"Labbé, GHD_Beaune"
1657,Sep 24,NA,grape harvest begins  (d-of-Yr),267,rather early,Beaune (CO),"Labbé, GHD_Beaune"
1658,Oct 7,NA,grape harvest begins  (d-of-Yr),280,late,Beaune (CO),"Labbé, GHD_Beaune"
1659,Sep 9,NA,grape harvest begins  (d-of-Yr),252,extremely advanced,Beaune (CO),"Labbé, GHD_Beaune"
1660,Sep 13,NA,grape harvest begins  (d-of-Yr),257,extremely advanced,Beaune (CO),"Labbé, GHD_Beaune"
1661,Sep 16,NA,grape harvest begins  (d-of-Yr),259,extremely advanced,Beaune (CO),"Labbé, GHD_Beaune"
1662,Sep 29,NA,grape harvest begins  (d-of-Yr),272,average,Beaune (CO),"Labbé, GHD_Beaune"
1663,Oct 10,NA,grape harvest begins  (d-of-Yr),283,extremely late,Beaune (CO),"Labbé, GHD_Beaune"
1664,Sep 22,NA,grape harvest begins  (d-of-Yr),266,rather early,Beaune (CO),"Labbé, GHD_Beaune"
1665,Sep 22,NA,grape harvest begins  (d-of-Yr),265,rather early,Beaune (CO),"Labbé, GHD_Beaune"
1666,Sep 17,NA,grape harvest begins  (d-of-Yr),260,early,Beaune (CO),"Labbé, GHD_Beaune"
1667,Oct 6,NA,grape harvest begins  (d-of-Yr),279,late,Beaune (CO),"Labbé, GHD_Beaune"
1668,Sep 25,NA,grape harvest begins  (d-of-Yr),269,average,Beaune (CO),"Labbé, GHD_Beaune"
1669,Sep 19,NA,grape harvest begins  (d-of-Yr),262,early,Beaune (CO),"Labbé, GHD_Beaune"
1670,Sep 22,NA,grape harvest begins  (d-of-Yr),265,rather early,Beaune (CO),"Labbé, GHD_Beaune"
1671,Sep 19,NA,grape harvest begins  (d-of-Yr),262,early,Beaune (CO),"Labbé, GHD_Beaune"
1672,Sep 30,NA,grape harvest begins  (d-of-Yr),274,rather late,Beaune (CO),"Labbé, GHD_Beaune"
1673,Oct 5,NA,grape harvest begins  (d-of-Yr),278,late,Beaune (CO),"Labbé, GHD_Beaune"
1674,Sep 27,NA,grape harvest begins  (d-of-Yr),270,average,Beaune (CO),"Labbé, GHD_Beaune"
1675,Oct 11,NA,grape harvest begins  (d-of-Yr),284,extremely late,Beaune (CO),"Labbé, GHD_Beaune"
1676,Sep 9,NA,grape harvest begins  (d-of-Yr),253,extremely advanced,Beaune (CO),"Labbé, GHD_Beaune"
1677,Sep 17,NA,grape harvest begins  (d-of-Yr),260,early,Beaune (CO),"Labbé, GHD_Beaune"
1678,Sep 21,NA,grape harvest begins  (d-of-Yr),264,early,Beaune (CO),"Labbé, GHD_Beaune"
1679,Sep 22,NA,grape harvest begins  (d-of-Yr),265,rather early,Beaune (CO),"Labbé, GHD_Beaune"
1680,Sep 12,NA,grape harvest begins  (d-of-Yr),256,extremely advanced,Beaune (CO),"Labbé, GHD_Beaune"
1681,Sep 13,NA,grape harvest begins  (d-of-Yr),256,extremely advanced,Beaune (CO),"Labbé, GHD_Beaune"
1682,Oct 5,NA,grape harvest begins  (d-of-Yr),278,late,Beaune (CO),"Labbé, GHD_Beaune"
1683,Sep 13,NA,grape harvest begins  (d-of-Yr),256,extremely advanced,Beaune (CO),"Labbé, GHD_Beaune"
1684,Sep 4,NA,grape harvest begins  (d-of-Yr),248,extremely advanced,Beaune (CO),"Labbé, GHD_Beaune"
1685,Sep 17,NA,grape harvest begins  (d-of-Yr),260,early,Beaune (CO),"Labbé, GHD_Beaune"
1686,Sep 6,NA,grape harvest begins  (d-of-Yr),249,extremely advanced,Beaune (CO),"Labbé, GHD_Beaune"
1687,Sep 28,NA,grape harvest begins  (d-of-Yr),271,average,Beaune (CO),"Labbé, GHD_Beaune"
1688,Sep 30,NA,grape harvest begins  (d-of-Yr),274,rather late,Beaune (CO),"Labbé, GHD_Beaune"
1689,Sep 30,NA,grape harvest begins  (d-of-Yr),273,rather late,Beaune (CO),"Labbé, GHD_Beaune"
1690,Sep 29,NA,grape harvest begins  (d-of-Yr),272,average,Beaune (CO),"Labbé, GHD_Beaune"
1691,Sep 24,NA,grape harvest begins  (d-of-Yr),267,rather early,Beaune (CO),"Labbé, GHD_Beaune"
1692,Oct 13,NA,grape harvest begins  (d-of-Yr),287,extremely late,Beaune (CO),"Labbé, GHD_Beaune"
1693,Oct 6,NA,grape harvest begins  (d-of-Yr),279,late,Beaune (CO),"Labbé, GHD_Beaune"
1694,Sep 20,NA,grape harvest begins  (d-of-Yr),263,early,Beaune (CO),"Labbé, GHD_Beaune"
1695,Oct 8,NA,grape harvest begins  (d-of-Yr),281,late,Beaune (CO),"Labbé, GHD_Beaune"
1696,Oct 6,NA,grape harvest begins  (d-of-Yr),280,late,Beaune (CO),"Labbé, GHD_Beaune"
1697,Sep 30,NA,grape harvest begins  (d-of-Yr),273,rather late,Beaune (CO),"Labbé, GHD_Beaune"
1698,Oct 15,NA,grape harvest begins  (d-of-Yr),288,extremely late,Beaune (CO),"Labbé, GHD_Beaune"
1699,Sep 28,NA,grape harvest begins  (d-of-Yr),271,average,Beaune (CO),"Labbé, GHD_Beaune"
1700,Oct 9,NA,grape harvest begins  (d-of-Yr),282,extremely late,Beaune (CO),"Labbé, GHD_Beaune"
1701,Sep 30,NA,grape harvest begins  (d-of-Yr),273,rather late,Beaune (CO),"Labbé, GHD_Beaune"
1702,Sep 23,NA,grape harvest begins  (d-of-Yr),266,rather early,Beaune (CO),"Labbé, GHD_Beaune"
1703,Oct 2,NA,grape harvest begins  (d-of-Yr),275,rather late,Beaune (CO),"Labbé, GHD_Beaune"
1704,Sep 19,NA,grape harvest begins  (d-of-Yr),263,early,Beaune (CO),"Labbé, GHD_Beaune"
1705,Oct 5,NA,grape harvest begins  (d-of-Yr),278,late,Beaune (CO),"Labbé, GHD_Beaune"
1706,Sep 7,NA,grape harvest begins  (d-of-Yr),250,extremely advanced,Beaune (CO),"Labbé, GHD_Beaune"
1707,Sep 28,NA,grape harvest begins  (d-of-Yr),271,average,Beaune (CO),"Labbé, GHD_Beaune"
1708,Sep 29,NA,grape harvest begins  (d-of-Yr),273,rather late,Beaune (CO),"Labbé, GHD_Beaune"
1709,Oct 8,NA,grape harvest begins  (d-of-Yr),281,late,Beaune (CO),"Labbé, GHD_Beaune"
1710,Sep 25,NA,grape harvest begins  (d-of-Yr),268,average,Beaune (CO),"Labbé, GHD_Beaune"
1711,Oct 1,NA,grape harvest begins  (d-of-Yr),274,rather late,Beaune (CO),"Labbé, GHD_Beaune"
1712,Oct 4,NA,grape harvest begins  (d-of-Yr),278,late,Beaune (CO),"Labbé, GHD_Beaune"
1713,Oct 11,NA,grape harvest begins  (d-of-Yr),284,extremely late,Beaune (CO),"Labbé, GHD_Beaune"
1714,Oct 6,NA,grape harvest begins  (d-of-Yr),279,late,Beaune (CO),"Labbé, GHD_Beaune"
1715,Oct 2,NA,grape harvest begins  (d-of-Yr),275,rather late,Beaune (CO),"Labbé, GHD_Beaune"
1716,Oct 9,NA,grape harvest begins  (d-of-Yr),283,extremely late,Beaune (CO),"Labbé, GHD_Beaune"
1717,Oct 1,NA,grape harvest begins  (d-of-Yr),274,rather late,Beaune (CO),"Labbé, GHD_Beaune"
1718,Sep 3,NA,grape harvest begins  (d-of-Yr),246,extremely advanced,Beaune (CO),"Labbé, GHD_Beaune"
1719,Aug 29,NA,grape harvest begins  (d-of-Yr),241,extremely advanced,Beaune (CO),"Labbé, GHD_Beaune"
1720,Sep 27,NA,grape harvest begins  (d-of-Yr),271,average,Beaune (CO),"Labbé, GHD_Beaune"
1721,Oct 1,NA,grape harvest begins  (d-of-Yr),274,rather late,Beaune (CO),"Labbé, GHD_Beaune"
1722,Sep 22,NA,grape harvest begins  (d-of-Yr),265,rather early,Beaune (CO),"Labbé, GHD_Beaune"
1723,Sep 14,NA,grape harvest begins  (d-of-Yr),257,extremely advanced,Beaune (CO),"Labbé, GHD_Beaune"
1724,Sep 15,NA,grape harvest begins  (d-of-Yr),259,extremely advanced,Beaune (CO),"Labbé, GHD_Beaune"
1725,Oct 11,NA,grape harvest begins  (d-of-Yr),284,extremely late,Beaune (CO),"Labbé, GHD_Beaune"
1726,Sep 9,NA,grape harvest begins  (d-of-Yr),252,extremely advanced,Beaune (CO),"Labbé, GHD_Beaune"
1727,Sep 12,NA,grape harvest begins  (d-of-Yr),255,extremely advanced,Beaune (CO),"Labbé, GHD_Beaune"
1728,Sep 14,NA,grape harvest begins  (d-of-Yr),258,extremely advanced,Beaune (CO),"Labbé, GHD_Beaune"
1729,Sep 28,NA,grape harvest begins  (d-of-Yr),271,average,Beaune (CO),"Labbé, GHD_Beaune"
1730,Sep 28,NA,grape harvest begins  (d-of-Yr),271,average,Beaune (CO),"Labbé, GHD_Beaune"
1731,Sep 21,NA,grape harvest begins  (d-of-Yr),264,early,Beaune (CO),"Labbé, GHD_Beaune"
1732,Sep 19,NA,grape harvest begins  (d-of-Yr),263,early,Beaune (CO),"Labbé, GHD_Beaune"
1733,Sep 21,NA,grape harvest begins  (d-of-Yr),264,early,Beaune (CO),"Labbé, GHD_Beaune"
1734,Sep 13,NA,grape harvest begins  (d-of-Yr),256,extremely advanced,Beaune (CO),"Labbé, GHD_Beaune"
1735,Oct 7,NA,grape harvest begins  (d-of-Yr),280,late,Beaune (CO),"Labbé, GHD_Beaune"
1736,Sep 19,NA,grape harvest begins  (d-of-Yr),263,early,Beaune (CO),"Labbé, GHD_Beaune"
1737,Sep 17,NA,grape harvest begins  (d-of-Yr),260,early,Beaune (CO),"Labbé, GHD_Beaune"
1738,Sep 30,NA,grape harvest begins  (d-of-Yr),273,rather late,Beaune (CO),"Labbé, GHD_Beaune"
1739,Sep 23,NA,grape harvest begins  (d-of-Yr),266,rather early,Beaune (CO),"Labbé, GHD_Beaune"
1740,Oct 18,NA,grape harvest begins  (d-of-Yr),292,extremely late,Beaune (CO),"Labbé, GHD_Beaune"
1741,Sep 27,NA,grape harvest begins  (d-of-Yr),270,average,Beaune (CO),"Labbé, GHD_Beaune"
1742,Oct 4,NA,grape harvest begins  (d-of-Yr),277,late,Beaune (CO),"Labbé, GHD_Beaune"
1743,Sep 27,NA,grape harvest begins  (d-of-Yr),270,average,Beaune (CO),"Labbé, GHD_Beaune"
1744,Sep 28,NA,grape harvest begins  (d-of-Yr),272,average,Beaune (CO),"Labbé, GHD_Beaune"
1745,Sep 25,NA,grape harvest begins  (d-of-Yr),268,average,Beaune (CO),"Labbé, GHD_Beaune"
1746,Sep 27,NA,grape harvest begins  (d-of-Yr),270,average,Beaune (CO),"Labbé, GHD_Beaune"
1747,Oct 3,NA,grape harvest begins  (d-of-Yr),276,rather late,Beaune (CO),"Labbé, GHD_Beaune"
1748,Sep 26,NA,grape harvest begins  (d-of-Yr),270,average,Beaune (CO),"Labbé, GHD_Beaune"
1749,Sep 30,NA,grape harvest begins  (d-of-Yr),273,rather late,Beaune (CO),"Labbé, GHD_Beaune"
1750,Sep 24,NA,grape harvest begins  (d-of-Yr),267,rather early,Beaune (CO),"Labbé, GHD_Beaune"
1751,Oct 6,NA,grape harvest begins  (d-of-Yr),279,late,Beaune (CO),"Labbé, GHD_Beaune"
1752,Sep 29,NA,grape harvest begins  (d-of-Yr),273,rather late,Beaune (CO),"Labbé, GHD_Beaune"
1753,Sep 20,NA,grape harvest begins  (d-of-Yr),263,early,Beaune (CO),"Labbé, GHD_Beaune"
1754,Oct 1,NA,grape harvest begins  (d-of-Yr),274,rather late,Beaune (CO),"Labbé, GHD_Beaune"
1755,Sep 17,NA,grape harvest begins  (d-of-Yr),260,early,Beaune (CO),"Labbé, GHD_Beaune"
1756,Oct 5,NA,grape harvest begins  (d-of-Yr),279,late,Beaune (CO),"Labbé, GHD_Beaune"
1757,Sep 27,NA,grape harvest begins  (d-of-Yr),270,average,Beaune (CO),"Labbé, GHD_Beaune"
1758,Sep 26,NA,grape harvest begins  (d-of-Yr),269,average,Beaune (CO),"Labbé, GHD_Beaune"
1759,Sep 22,NA,grape harvest begins  (d-of-Yr),265,rather early,Beaune (CO),"Labbé, GHD_Beaune"
1760,Sep 16,NA,grape harvest begins  (d-of-Yr),260,early,Beaune (CO),"Labbé, GHD_Beaune"
1761,Sep 15,NA,grape harvest begins  (d-of-Yr),258,extremely advanced,Beaune (CO),"Labbé, GHD_Beaune"
1762,Sep 16,NA,grape harvest begins  (d-of-Yr),259,extremely advanced,Beaune (CO),"Labbé, GHD_Beaune"
1763,Oct 6,NA,grape harvest begins  (d-of-Yr),279,late,Beaune (CO),"Labbé, GHD_Beaune"
1764,Sep 18,NA,grape harvest begins  (d-of-Yr),262,early,Beaune (CO),"Labbé, GHD_Beaune"
1765,Sep 24,NA,grape harvest begins  (d-of-Yr),267,rather early,Beaune (CO),"Labbé, GHD_Beaune"
1766,Sep 26,NA,grape harvest begins  (d-of-Yr),269,average,Beaune (CO),"Labbé, GHD_Beaune"
1767,Oct 7,NA,grape harvest begins  (d-of-Yr),280,late,Beaune (CO),"Labbé, GHD_Beaune"
1768,Sep 29,NA,grape harvest begins  (d-of-Yr),273,rather late,Beaune (CO),"Labbé, GHD_Beaune"
1769,Sep 29,NA,grape harvest begins  (d-of-Yr),272,average,Beaune (CO),"Labbé, GHD_Beaune"
1770,Oct 6,NA,grape harvest begins  (d-of-Yr),279,late,Beaune (CO),"Labbé, GHD_Beaune"
1771,Sep 27,NA,grape harvest begins  (d-of-Yr),270,average,Beaune (CO),"Labbé, GHD_Beaune"
1772,Sep 25,NA,grape harvest begins  (d-of-Yr),269,average,Beaune (CO),"Labbé, GHD_Beaune"
1773,Sep 29,NA,grape harvest begins  (d-of-Yr),272,average,Beaune (CO),"Labbé, GHD_Beaune"
1774,Sep 24,NA,grape harvest begins  (d-of-Yr),267,rather early,Beaune (CO),"Labbé, GHD_Beaune"
1775,Sep 26,NA,grape harvest begins  (d-of-Yr),269,average,Beaune (CO),"Labbé, GHD_Beaune"
1776,Oct 1,NA,grape harvest begins  (d-of-Yr),275,rather late,Beaune (CO),"Labbé, GHD_Beaune"
1777,Oct 1,NA,grape harvest begins  (d-of-Yr),274,rather late,Beaune (CO),"Labbé, GHD_Beaune"
1778,Sep 22,NA,grape harvest begins  (d-of-Yr),265,rather early,Beaune (CO),"Labbé, GHD_Beaune"
1779,Sep 21,NA,grape harvest begins  (d-of-Yr),264,early,Beaune (CO),"Labbé, GHD_Beaune"
1780,Sep 20,NA,grape harvest begins  (d-of-Yr),264,early,Beaune (CO),"Labbé, GHD_Beaune"
1781,Sep 12,NA,grape harvest begins  (d-of-Yr),255,extremely advanced,Beaune (CO),"Labbé, GHD_Beaune"
1782,Oct 2,NA,grape harvest begins  (d-of-Yr),275,rather late,Beaune (CO),"Labbé, GHD_Beaune"
1783,Sep 18,NA,grape harvest begins  (d-of-Yr),261,early,Beaune (CO),"Labbé, GHD_Beaune"
1784,Sep 15,NA,grape harvest begins  (d-of-Yr),259,extremely advanced,Beaune (CO),"Labbé, GHD_Beaune"
1785,Sep 24,NA,grape harvest begins  (d-of-Yr),267,rather early,Beaune (CO),"Labbé, GHD_Beaune"
1786,Sep 28,NA,grape harvest begins  (d-of-Yr),271,average,Beaune (CO),"Labbé, GHD_Beaune"
1787,Oct 5,NA,grape harvest begins  (d-of-Yr),278,late,Beaune (CO),"Labbé, GHD_Beaune"
1788,Sep 13,NA,grape harvest begins  (d-of-Yr),257,extremely advanced,Beaune (CO),"Labbé, GHD_Beaune"
1789,Oct 8,NA,grape harvest begins  (d-of-Yr),281,late,Beaune (CO),"Labbé, GHD_Beaune"
1790,Sep 28,NA,grape harvest begins  (d-of-Yr),271,average,Beaune (CO),"Labbé, GHD_Beaune"
1791,Sep 20,NA,grape harvest begins  (d-of-Yr),263,early,Beaune (CO),"Labbé, GHD_Beaune"
1792,Oct 4,NA,grape harvest begins  (d-of-Yr),278,late,Beaune (CO),"Labbé, GHD_Beaune"
1793,Sep 26,NA,grape harvest begins  (d-of-Yr),269,average,Beaune (CO),"Labbé, GHD_Beaune"
1794,Sep 16,NA,grape harvest begins  (d-of-Yr),259,extremely advanced,Beaune (CO),"Labbé, GHD_Beaune"
1795,Sep 29,NA,grape harvest begins  (d-of-Yr),272,average,Beaune (CO),"Labbé, GHD_Beaune"
1796,Oct 9,NA,grape harvest begins  (d-of-Yr),283,extremely late,Beaune (CO),"Labbé, GHD_Beaune"
1797,Oct 3,NA,grape harvest begins  (d-of-Yr),276,rather late,Beaune (CO),"Labbé, GHD_Beaune"
1798,Sep 19,NA,grape harvest begins  (d-of-Yr),262,early,Beaune (CO),"Labbé, GHD_Beaune"
1799,Oct 10,NA,grape harvest begins  (d-of-Yr),283,extremely late,Beaune (CO),"Labbé, GHD_Beaune"
1800,Sep 26,NA,grape harvest begins  (d-of-Yr),269,average,Beaune (CO),"Labbé, GHD_Beaune"
1801,Sep 29,NA,grape harvest begins  (d-of-Yr),272,average,Beaune (CO),"Labbé, GHD_Beaune"
1802,Sep 23,NA,grape harvest begins  (d-of-Yr),266,rather early,Beaune (CO),"Labbé, GHD_Beaune"
1803,Sep 30,NA,grape harvest begins  (d-of-Yr),273,rather late,Beaune (CO),"Labbé, GHD_Beaune"
1804,Oct 1,NA,grape harvest begins  (d-of-Yr),275,rather late,Beaune (CO),"Labbé, GHD_Beaune"
1805,Oct 16,NA,grape harvest begins  (d-of-Yr),289,extremely late,Beaune (CO),"Labbé, GHD_Beaune"
1806,Sep 29,NA,grape harvest begins  (d-of-Yr),272,average,Beaune (CO),"Labbé, GHD_Beaune"
1807,Sep 25,NA,grape harvest begins  (d-of-Yr),268,average,Beaune (CO),"Labbé, GHD_Beaune"
1808,Sep 29,NA,grape harvest begins  (d-of-Yr),273,rather late,Beaune (CO),"Labbé, GHD_Beaune"
1809,Oct 17,NA,grape harvest begins  (d-of-Yr),290,extremely late,Beaune (CO),"Labbé, GHD_Beaune"
1810,Oct 2,NA,grape harvest begins  (d-of-Yr),275,rather late,Beaune (CO),"Labbé, GHD_Beaune"
1811,Sep 14,NA,grape harvest begins  (d-of-Yr),257,extremely advanced,Beaune (CO),"Labbé, GHD_Beaune"
1812,Oct 12,NA,grape harvest begins  (d-of-Yr),286,extremely late,Beaune (CO),"Labbé, GHD_Beaune"
1813,Oct 12,NA,grape harvest begins  (d-of-Yr),285,extremely late,Beaune (CO),"Labbé, GHD_Beaune"
1814,Oct 7,NA,grape harvest begins  (d-of-Yr),280,late,Beaune (CO),"Labbé, GHD_Beaune"
1815,Sep 23,NA,grape harvest begins  (d-of-Yr),266,rather early,Beaune (CO),"Labbé, GHD_Beaune"
1816,Oct 28,NA,grape harvest begins  (d-of-Yr),302,extremely late,Beaune (CO),"Labbé, GHD_Beaune"
1817,Oct 11,NA,grape harvest begins  (d-of-Yr),284,extremely late,Beaune (CO),"Labbé, GHD_Beaune"
1818,Sep 28,NA,grape harvest begins  (d-of-Yr),271,average,Beaune (CO),"Labbé, GHD_Beaune"
1819,Sep 25,NA,grape harvest begins  (d-of-Yr),268,average,Beaune (CO),"Labbé, GHD_Beaune"
1820,Oct 12,NA,grape harvest begins  (d-of-Yr),286,extremely late,Beaune (CO),"Labbé, GHD_Beaune"
1821,Oct 18,NA,grape harvest begins  (d-of-Yr),291,extremely late,Beaune (CO),"Labbé, GHD_Beaune"
1822,Sep 3,NA,grape harvest begins  (d-of-Yr),246,extremely advanced,Beaune (CO),"Labbé, GHD_Beaune"
1823,Oct 14,NA,grape harvest begins  (d-of-Yr),287,extremely late,Beaune (CO),"Labbé, GHD_Beaune"
1824,Oct 12,NA,grape harvest begins  (d-of-Yr),286,extremely late,Beaune (CO),"Labbé, GHD_Beaune"
1825,Sep 19,NA,grape harvest begins  (d-of-Yr),262,early,Beaune (CO),"Labbé, GHD_Beaune"
1826,Oct 4,NA,grape harvest begins  (d-of-Yr),277,late,Beaune (CO),"Labbé, GHD_Beaune"
1827,Sep 29,NA,grape harvest begins  (d-of-Yr),272,average,Beaune (CO),"Labbé, GHD_Beaune"
1828,Oct 2,NA,grape harvest begins  (d-of-Yr),276,rather late,Beaune (CO),"Labbé, GHD_Beaune"
1829,Oct 13,NA,grape harvest begins  (d-of-Yr),286,extremely late,Beaune (CO),"Labbé, GHD_Beaune"
1830,Sep 29,NA,grape harvest begins  (d-of-Yr),272,average,Beaune (CO),"Labbé, GHD_Beaune"
1831,Sep 29,NA,grape harvest begins  (d-of-Yr),272,average,Beaune (CO),"Labbé, GHD_Beaune"
1832,Oct 5,NA,grape harvest begins  (d-of-Yr),279,late,Beaune (CO),"Labbé, GHD_Beaune"
1833,Sep 29,NA,grape harvest begins  (d-of-Yr),272,average,Beaune (CO),"Labbé, GHD_Beaune"
1834,Sep 16,NA,grape harvest begins  (d-of-Yr),259,extremely advanced,Beaune (CO),"Labbé, GHD_Beaune"
1835,Oct 6,NA,grape harvest begins  (d-of-Yr),279,late,Beaune (CO),"Labbé, GHD_Beaune"
1836,Oct 7,NA,grape harvest begins  (d-of-Yr),281,late,Beaune (CO),"Labbé, GHD_Beaune"
1837,Oct 11,NA,grape harvest begins  (d-of-Yr),284,extremely late,Beaune (CO),"Labbé, GHD_Beaune"
1838,Oct 9,NA,grape harvest begins  (d-of-Yr),282,extremely late,Beaune (CO),"Labbé, GHD_Beaune"
1839,Oct 2,NA,grape harvest begins  (d-of-Yr),275,rather late,Beaune (CO),"Labbé, GHD_Beaune"
1840,Sep 27,NA,grape harvest begins  (d-of-Yr),271,average,Beaune (CO),"Labbé, GHD_Beaune"
1841,Sep 29,NA,grape harvest begins  (d-of-Yr),272,average,Beaune (CO),"Labbé, GHD_Beaune"
1842,Sep 22,NA,grape harvest begins  (d-of-Yr),265,rather early,Beaune (CO),"Labbé, GHD_Beaune"
1843,Oct 17,NA,grape harvest begins  (d-of-Yr),290,extremely late,Beaune (CO),"Labbé, GHD_Beaune"
1844,Sep 25,NA,grape harvest begins  (d-of-Yr),269,average,Beaune (CO),"Labbé, GHD_Beaune"
1845,Oct 8,NA,grape harvest begins  (d-of-Yr),281,late,Beaune (CO),"Labbé, GHD_Beaune"
1846,Sep 16,NA,grape harvest begins  (d-of-Yr),259,extremely advanced,Beaune (CO),"Labbé, GHD_Beaune"
1847,Oct 6,NA,grape harvest begins  (d-of-Yr),279,late,Beaune (CO),"Labbé, GHD_Beaune"
1848,Sep 29,NA,grape harvest begins  (d-of-Yr),273,rather late,Beaune (CO),"Labbé, GHD_Beaune"
1849,Sep 29,NA,grape harvest begins  (d-of-Yr),272,average,Beaune (CO),"Labbé, GHD_Beaune"
1850,Oct 9,NA,grape harvest begins  (d-of-Yr),282,extremely late,Beaune (CO),"Labbé, GHD_Beaune"
1851,Oct 6,NA,grape harvest begins  (d-of-Yr),279,late,Beaune (CO),"Labbé, GHD_Beaune"
1852,Sep 27,NA,grape harvest begins  (d-of-Yr),271,average,Beaune (CO),"Labbé, GHD_Beaune"
1853,Oct 8,NA,grape harvest begins  (d-of-Yr),281,late,Beaune (CO),"Labbé, GHD_Beaune"
1854,Sep 28,NA,grape harvest begins  (d-of-Yr),271,average,Beaune (CO),"Labbé, GHD_Beaune"
1855,Oct 6,NA,grape harvest begins  (d-of-Yr),279,late,Beaune (CO),"Labbé, GHD_Beaune"
1856,Oct 2,NA,grape harvest begins  (d-of-Yr),276,rather late,Beaune (CO),"Labbé, GHD_Beaune"
1857,Sep 21,NA,grape harvest begins  (d-of-Yr),264,early,Beaune (CO),"Labbé, GHD_Beaune"
1858,Sep 19,NA,grape harvest begins  (d-of-Yr),262,early,Beaune (CO),"Labbé, GHD_Beaune"
1859,Sep 20,NA,grape harvest begins  (d-of-Yr),263,early,Beaune (CO),"Labbé, GHD_Beaune"
1860,Oct 8,NA,grape harvest begins  (d-of-Yr),282,extremely late,Beaune (CO),"Labbé, GHD_Beaune"
1861,Sep 30,NA,grape harvest begins  (d-of-Yr),273,rather late,Beaune (CO),"Labbé, GHD_Beaune"
1862,Sep 26,NA,grape harvest begins  (d-of-Yr),269,average,Beaune (CO),"Labbé, GHD_Beaune"
1863,Sep 30,NA,grape harvest begins  (d-of-Yr),273,rather late,Beaune (CO),"Labbé, GHD_Beaune"
1864,Sep 29,NA,grape harvest begins  (d-of-Yr),273,rather late,Beaune (CO),"Labbé, GHD_Beaune"
1865,Sep 9,NA,grape harvest begins  (d-of-Yr),252,extremely advanced,Beaune (CO),"Labbé, GHD_Beaune"
1866,Sep 25,NA,grape harvest begins  (d-of-Yr),268,average,Beaune (CO),"Labbé, GHD_Beaune"
1867,Sep 29,NA,grape harvest begins  (d-of-Yr),272,average,Beaune (CO),"Labbé, GHD_Beaune"
1868,Sep 15,NA,grape harvest begins  (d-of-Yr),259,extremely advanced,Beaune (CO),"Labbé, GHD_Beaune"
1869,Sep 24,NA,grape harvest begins  (d-of-Yr),267,rather early,Beaune (CO),"Labbé, GHD_Beaune"
1870,Sep 19,NA,grape harvest begins  (d-of-Yr),262,early,Beaune (CO),"Labbé, GHD_Beaune"
1871,Oct 4,NA,grape harvest begins  (d-of-Yr),277,late,Beaune (CO),"Labbé, GHD_Beaune"
1872,Sep 27,NA,grape harvest begins  (d-of-Yr),271,average,Beaune (CO),"Labbé, GHD_Beaune"
1873,Oct 1,NA,grape harvest begins  (d-of-Yr),274,rather late,Beaune (CO),"Labbé, GHD_Beaune"
1874,Sep 26,NA,grape harvest begins  (d-of-Yr),269,average,Beaune (CO),"Labbé, GHD_Beaune"
1875,Sep 26,NA,grape harvest begins  (d-of-Yr),269,average,Beaune (CO),"Labbé, GHD_Beaune"
1876,Oct 7,NA,grape harvest begins  (d-of-Yr),281,late,Beaune (CO),"Labbé, GHD_Beaune"
1877,Oct 6,NA,grape harvest begins  (d-of-Yr),279,late,Beaune (CO),"Labbé, GHD_Beaune"
1878,Oct 4,NA,grape harvest begins  (d-of-Yr),277,late,Beaune (CO),"Labbé, GHD_Beaune"
1879,Oct 16,NA,grape harvest begins  (d-of-Yr),289,extremely late,Beaune (CO),"Labbé, GHD_Beaune"
1880,Sep 27,NA,grape harvest begins  (d-of-Yr),271,average,Beaune (CO),"Labbé, GHD_Beaune"
1881,Sep 26,NA,grape harvest begins  (d-of-Yr),269,average,Beaune (CO),"Labbé, GHD_Beaune"
1882,Oct 6,NA,grape harvest begins  (d-of-Yr),279,late,Beaune (CO),"Labbé, GHD_Beaune"
1883,Sep 29,NA,grape harvest begins  (d-of-Yr),272,average,Beaune (CO),"Labbé, GHD_Beaune"
1884,Sep 29,NA,grape harvest begins  (d-of-Yr),273,rather late,Beaune (CO),"Labbé, GHD_Beaune"
1885,Sep 26,NA,grape harvest begins  (d-of-Yr),269,average,Beaune (CO),"Labbé, GHD_Beaune"
1886,Sep 29,NA,grape harvest begins  (d-of-Yr),272,average,Beaune (CO),"Labbé, GHD_Beaune"
1887,Sep 29,NA,grape harvest begins  (d-of-Yr),272,average,Beaune (CO),"Labbé, GHD_Beaune"
1888,Oct 5,NA,grape harvest begins  (d-of-Yr),279,late,Beaune (CO),"Labbé, GHD_Beaune"
1889,Sep 23,NA,grape harvest begins  (d-of-Yr),266,rather early,Beaune (CO),"Labbé, GHD_Beaune"
1890,Oct 1,NA,grape harvest begins  (d-of-Yr),274,rather late,Beaune (CO),"Labbé, GHD_Beaune"
1891,Oct 10,NA,grape harvest begins  (d-of-Yr),283,extremely late,Beaune (CO),"Labbé, GHD_Beaune"
1892,Sep 23,NA,grape harvest begins  (d-of-Yr),267,rather early,Beaune (CO),"Labbé, GHD_Beaune"
1893,Aug 28,NA,grape harvest begins  (d-of-Yr),240,extremely advanced,Beaune (CO),"Labbé, GHD_Beaune"
1894,Sep 29,NA,grape harvest begins  (d-of-Yr),272,average,Beaune (CO),"Labbé, GHD_Beaune"
1895,Sep 23,NA,grape harvest begins  (d-of-Yr),266,rather early,Beaune (CO),"Labbé, GHD_Beaune"
1896,Sep 28,NA,grape harvest begins  (d-of-Yr),272,average,Beaune (CO),"Labbé, GHD_Beaune"
1897,Sep 20,NA,grape harvest begins  (d-of-Yr),263,early,Beaune (CO),"Labbé, GHD_Beaune"
1898,Sep 30,NA,grape harvest begins  (d-of-Yr),273,rather late,Beaune (CO),"Labbé, GHD_Beaune"
1899,Sep 28,NA,grape harvest begins  (d-of-Yr),271,average,Beaune (CO),"Labbé, GHD_Beaune"
1900,Sep 29,NA,grape harvest begins  (d-of-Yr),272,average,Beaune (CO),"Labbé, GHD_Beaune"
1901,Sep 14,NA,grape harvest begins  (d-of-Yr),257,extremely advanced,Beaune (CO),"Labbé, GHD_Beaune"
1902,Oct 2,NA,grape harvest begins  (d-of-Yr),275,rather late,Beaune (CO),"Labbé, GHD_Beaune"
1903,Oct 8,NA,grape harvest begins  (d-of-Yr),281,late,Beaune (CO),"Labbé, GHD_Beaune"
1904,Sep 20,NA,grape harvest begins  (d-of-Yr),264,early,Beaune (CO),"Labbé, GHD_Beaune"
1905,Sep 24,NA,grape harvest begins  (d-of-Yr),267,rather early,Beaune (CO),"Labbé, GHD_Beaune"
1906,Sep 22,NA,grape harvest begins  (d-of-Yr),265,rather early,Beaune (CO),"Labbé, GHD_Beaune"
1907,Oct 5,NA,grape harvest begins  (d-of-Yr),278,late,Beaune (CO),"Labbé, GHD_Beaune"
1908,Sep 24,NA,grape harvest begins  (d-of-Yr),268,average,Beaune (CO),"Labbé, GHD_Beaune"
1909,Oct 4,NA,grape harvest begins  (d-of-Yr),277,late,Beaune (CO),"Labbé, GHD_Beaune"
1910,Sep 19,NA,grape harvest begins  (d-of-Yr),262,early,Beaune (CO),"Labbé, GHD_Beaune"
1911,Sep 15,NA,grape harvest begins  (d-of-Yr),258,extremely advanced,Beaune (CO),"Labbé, GHD_Beaune"
1912,Sep 29,NA,grape harvest begins  (d-of-Yr),273,rather late,Beaune (CO),"Labbé, GHD_Beaune"
1913,Oct 4,NA,grape harvest begins  (d-of-Yr),277,late,Beaune (CO),"Labbé, GHD_Beaune"
1914,Oct 5,NA,grape harvest begins  (d-of-Yr),278,late,Beaune (CO),"Labbé, GHD_Beaune"
1915,Sep 15,NA,grape harvest begins  (d-of-Yr),258,extremely advanced,Beaune (CO),"Labbé, GHD_Beaune"
1916,Oct 5,NA,grape harvest begins  (d-of-Yr),279,late,Beaune (CO),"Labbé, GHD_Beaune"
1917,Sep 25,NA,grape harvest begins  (d-of-Yr),268,average,Beaune (CO),"Labbé, GHD_Beaune"
1918,Sep 25,NA,grape harvest begins  (d-of-Yr),268,average,Beaune (CO),"Labbé, GHD_Beaune"
1919,Sep 24,NA,grape harvest begins  (d-of-Yr),267,rather early,Beaune (CO),"Labbé, GHD_Beaune"
1920,Sep 22,NA,grape harvest begins  (d-of-Yr),266,rather early,Beaune (CO),"Labbé, GHD_Beaune"
1921,Sep 25,NA,grape harvest begins  (d-of-Yr),268,average,Beaune (CO),"Labbé, GHD_Beaune"
1922,Sep 28,NA,grape harvest begins  (d-of-Yr),271,average,Beaune (CO),"Labbé, GHD_Beaune"
1923,Sep 29,NA,grape harvest begins  (d-of-Yr),272,average,Beaune (CO),"Labbé, GHD_Beaune"
1924,Sep 25,NA,grape harvest begins  (d-of-Yr),269,average,Beaune (CO),"Labbé, GHD_Beaune"
1925,Sep 24,NA,grape harvest begins  (d-of-Yr),267,rather early,Beaune (CO),"Labbé, GHD_Beaune"
1926,Sep 27,NA,grape harvest begins  (d-of-Yr),270,average,Beaune (CO),"Labbé, GHD_Beaune"
1927,Sep 25,NA,grape harvest begins  (d-of-Yr),268,average,Beaune (CO),"Labbé, GHD_Beaune"
1928,Oct 1,NA,grape harvest begins  (d-of-Yr),275,rather late,Beaune (CO),"Labbé, GHD_Beaune"
1929,Sep 25,NA,grape harvest begins  (d-of-Yr),268,average,Beaune (CO),"Labbé, GHD_Beaune"
1930,Sep 29,NA,grape harvest begins  (d-of-Yr),272,average,Beaune (CO),"Labbé, GHD_Beaune"
1931,Sep 28,NA,grape harvest begins  (d-of-Yr),271,average,Beaune (CO),"Labbé, GHD_Beaune"
1932,Oct 12,NA,grape harvest begins  (d-of-Yr),286,extremely late,Beaune (CO),"Labbé, GHD_Beaune"
1933,Sep 30,NA,grape harvest begins  (d-of-Yr),273,rather late,Beaune (CO),"Labbé, GHD_Beaune"
1934,Sep 21,NA,grape harvest begins  (d-of-Yr),264,early,Beaune (CO),"Labbé, GHD_Beaune"
1935,Oct 3,NA,grape harvest begins  (d-of-Yr),276,rather late,Beaune (CO),"Labbé, GHD_Beaune"
1936,Oct 1,NA,grape harvest begins  (d-of-Yr),275,rather late,Beaune (CO),"Labbé, GHD_Beaune"
1937,Sep 23,NA,grape harvest begins  (d-of-Yr),266,rather early,Beaune (CO),"Labbé, GHD_Beaune"
1938,Oct 6,NA,grape harvest begins  (d-of-Yr),279,late,Beaune (CO),"Labbé, GHD_Beaune"
1939,Oct 16,NA,grape harvest begins  (d-of-Yr),289,extremely late,Beaune (CO),"Labbé, GHD_Beaune"
1940,Sep 23,NA,grape harvest begins  (d-of-Yr),267,rather early,Beaune (CO),"Labbé, GHD_Beaune"
1941,Oct 8,NA,grape harvest begins  (d-of-Yr),281,late,Beaune (CO),"Labbé, GHD_Beaune"
1942,Oct 7,NA,grape harvest begins  (d-of-Yr),280,late,Beaune (CO),"Labbé, GHD_Beaune"
1943,Sep 23,NA,grape harvest begins  (d-of-Yr),266,rather early,Beaune (CO),"Labbé, GHD_Beaune"
1944,Sep 28,NA,grape harvest begins  (d-of-Yr),272,average,Beaune (CO),"Labbé, GHD_Beaune"
1945,Sep 17,NA,grape harvest begins  (d-of-Yr),260,early,Beaune (CO),"Labbé, GHD_Beaune"
1946,Sep 21,NA,grape harvest begins  (d-of-Yr),264,early,Beaune (CO),"Labbé, GHD_Beaune"
1947,Sep 16,NA,grape harvest begins  (d-of-Yr),259,extremely advanced,Beaune (CO),"Labbé, GHD_Beaune"
1948,Sep 25,NA,grape harvest begins  (d-of-Yr),269,average,Beaune (CO),"Labbé, GHD_Beaune"
1949,Sep 22,NA,grape harvest begins  (d-of-Yr),265,rather early,Beaune (CO),"Labbé, GHD_Beaune"
1950,Sep 21,NA,grape harvest begins  (d-of-Yr),264,early,Beaune (CO),"Labbé, GHD_Beaune"
1951,Oct 15,NA,grape harvest begins  (d-of-Yr),288,extremely late,Beaune (CO),"Labbé, GHD_Beaune"
1952,Sep 18,NA,grape harvest begins  (d-of-Yr),262,early,Beaune (CO),"Labbé, GHD_Beaune"
1953,Sep 24,NA,grape harvest begins  (d-of-Yr),267,rather early,Beaune (CO),"Labbé, GHD_Beaune"
1954,Oct 7,NA,grape harvest begins  (d-of-Yr),280,late,Beaune (CO),"Labbé, GHD_Beaune"
1955,Oct 3,NA,grape harvest begins  (d-of-Yr),276,rather late,Beaune (CO),"Labbé, GHD_Beaune"
1956,Oct 11,NA,grape harvest begins  (d-of-Yr),285,extremely late,Beaune (CO),"Labbé, GHD_Beaune"
1957,Oct 2,NA,grape harvest begins  (d-of-Yr),275,rather late,Beaune (CO),"Labbé, GHD_Beaune"
1958,Sep 29,NA,grape harvest begins  (d-of-Yr),272,average,Beaune (CO),"Labbé, GHD_Beaune"
1959,Sep 15,NA,grape harvest begins  (d-of-Yr),258,extremely advanced,Beaune (CO),"Labbé, GHD_Beaune"
1960,Sep 19,NA,grape harvest begins  (d-of-Yr),263,early,Beaune (CO),"Labbé, GHD_Beaune"
1961,Sep 25,NA,grape harvest begins  (d-of-Yr),268,average,Beaune (CO),"Labbé, GHD_Beaune"
1962,Oct 6,NA,grape harvest begins  (d-of-Yr),279,late,Beaune (CO),"Labbé, GHD_Beaune"
1963,Oct 5,NA,grape harvest begins  (d-of-Yr),278,late,Beaune (CO),"Labbé, GHD_Beaune"
1964,Sep 20,NA,grape harvest begins  (d-of-Yr),264,early,Beaune (CO),"Labbé, GHD_Beaune"
1965,Oct 11,NA,grape harvest begins  (d-of-Yr),284,extremely late,Beaune (CO),"Labbé, GHD_Beaune"
1966,Sep 24,NA,grape harvest begins  (d-of-Yr),267,rather early,Beaune (CO),"Labbé, GHD_Beaune"
1967,Sep 30,NA,grape harvest begins  (d-of-Yr),273,rather late,Beaune (CO),"Labbé, GHD_Beaune"
1968,Oct 1,NA,grape harvest begins  (d-of-Yr),275,rather late,Beaune (CO),"Labbé, GHD_Beaune"
1969,Oct 4,NA,grape harvest begins  (d-of-Yr),277,late,Beaune (CO),"Labbé, GHD_Beaune"
1970,Sep 28,NA,grape harvest begins  (d-of-Yr),271,average,Beaune (CO),"Labbé, GHD_Beaune"
1971,Sep 16,NA,grape harvest begins  (d-of-Yr),259,extremely advanced,Beaune (CO),"Labbé, GHD_Beaune"
1972,Oct 6,NA,grape harvest begins  (d-of-Yr),280,late,Beaune (CO),"Labbé, GHD_Beaune"
1973,Sep 26,NA,grape harvest begins  (d-of-Yr),269,average,Beaune (CO),"Labbé, GHD_Beaune"
1974,Sep 23,NA,grape harvest begins  (d-of-Yr),266,rather early,Beaune (CO),"Labbé, GHD_Beaune"
1975,Sep 30,NA,grape harvest begins  (d-of-Yr),273,rather late,Beaune (CO),"Labbé, GHD_Beaune"
1976,Sep 6,NA,grape harvest begins  (d-of-Yr),250,extremely advanced,Beaune (CO),"Labbé, GHD_Beaune"
1977,Oct 3,NA,grape harvest begins  (d-of-Yr),276,rather late,Beaune (CO),"Labbé, GHD_Beaune"
1978,Oct 7,NA,grape harvest begins  (d-of-Yr),280,late,Beaune (CO),"Labbé, GHD_Beaune"
1979,Oct 1,NA,grape harvest begins  (d-of-Yr),274,rather late,Beaune (CO),"Labbé, GHD_Beaune"
1980,Oct 9,NA,grape harvest begins  (d-of-Yr),283,extremely late,Beaune (CO),"Labbé, GHD_Beaune"
1981,Sep 23,NA,grape harvest begins  (d-of-Yr),266,rather early,Beaune (CO),"Labbé, GHD_Beaune"
1982,Sep 20,NA,grape harvest begins  (d-of-Yr),263,early,Beaune (CO),"Labbé, GHD_Beaune"
1983,Sep 26,NA,grape harvest begins  (d-of-Yr),269,average,Beaune (CO),"Labbé, GHD_Beaune"
1984,Sep 29,NA,grape harvest begins  (d-of-Yr),273,rather late,Beaune (CO),"Labbé, GHD_Beaune"
1985,Sep 26,NA,grape harvest begins  (d-of-Yr),269,average,Beaune (CO),"Labbé, GHD_Beaune"
1986,Sep 24,NA,grape harvest begins  (d-of-Yr),267,rather early,Beaune (CO),"Labbé, GHD_Beaune"
1987,Sep 28,NA,grape harvest begins  (d-of-Yr),271,average,Beaune (CO),"Labbé, GHD_Beaune"
1988,Sep 22,NA,grape harvest begins  (d-of-Yr),266,rather early,Beaune (CO),"Labbé, GHD_Beaune"
1989,Sep 13,NA,grape harvest begins  (d-of-Yr),256,extremely advanced,Beaune (CO),"Labbé, GHD_Beaune"
1990,Sep 17,NA,grape harvest begins  (d-of-Yr),260,early,Beaune (CO),"Labbé, GHD_Beaune"
1991,Sep 26,NA,grape harvest begins  (d-of-Yr),269,average,Beaune (CO),"Labbé, GHD_Beaune"
1992,Sep 15,NA,grape harvest begins  (d-of-Yr),259,extremely advanced,Beaune (CO),"Labbé, GHD_Beaune"
1993,Sep 16,NA,grape harvest begins  (d-of-Yr),259,extremely advanced,Beaune (CO),"Labbé, GHD_Beaune"
1994,Sep 19,NA,grape harvest begins  (d-of-Yr),262,early,Beaune (CO),"Labbé, GHD_Beaune"
1995,Sep 23,NA,grape harvest begins  (d-of-Yr),266,rather early,Beaune (CO),"Labbé, GHD_Beaune"
1996,Sep 22,NA,grape harvest begins  (d-of-Yr),266,rather early,Beaune (CO),"Labbé, GHD_Beaune"
1997,Sep 16,NA,grape harvest begins  (d-of-Yr),259,extremely advanced,Beaune (CO),"Labbé, GHD_Beaune"
1998,Sep 19,NA,grape harvest begins  (d-of-Yr),262,early,Beaune (CO),"Labbé, GHD_Beaune"
1999,Sep 17,NA,grape harvest begins  (d-of-Yr),260,early,Beaune (CO),"Labbé, GHD_Beaune"
2000,Sep 16,NA,grape harvest begins  (d-of-Yr),260,early,Beaune (CO),"Labbé, GHD_Beaune"
2001,Sep 20,NA,grape harvest begins  (d-of-Yr),263,early,Beaune (CO),"Labbé, GHD_Beaune"
2002,Sep 16,NA,grape harvest begins  (d-of-Yr),259,extremely advanced,Beaune (CO),"Labbé, GHD_Beaune"
2003,Aug 19,NA,grape harvest begins  (d-of-Yr),231,extremely advanced,Beaune (CO),"Labbé, GHD_Beaune"
2004,Sep 23,NA,grape harvest begins  (d-of-Yr),267,rather early,Beaune (CO),"Labbé, GHD_Beaune"
2005,Sep 12,NA,grape harvest begins  (d-of-Yr),255,extremely advanced,Beaune (CO),"Labbé, GHD_Beaune"
2006,Sep 18,NA,grape harvest begins  (d-of-Yr),261,early,Beaune (CO),"Labbé, GHD_Beaune"
2007,Sep 1,NA,grape harvest begins  (d-of-Yr),244,extremely advanced,Beaune (CO),"Labbé, GHD_Beaune"
2008,Sep 26,NA,grape harvest begins  (d-of-Yr),270,average,Beaune (CO),"Labbé, GHD_Beaune"
2009,Sep 8,NA,grape harvest begins  (d-of-Yr),251,extremely advanced,Beaune (CO),"Labbé, GHD_Beaune"
2010,Sep 20,NA,grape harvest begins  (d-of-Yr),263,early,Beaune (CO),"Labbé, GHD_Beaune"
2011,Aug 30,NA,grape harvest begins  (d-of-Yr),242,extremely advanced,Beaune (CO),"Labbé, GHD_Beaune"
2012,Sep 19,NA,grape harvest begins  (d-of-Yr),263,early,Beaune (CO),"Labbé, GHD_Beaune"
2013,Oct 2,NA,grape harvest begins  (d-of-Yr),275,rather late,Beaune (CO),"Labbé, GHD_Beaune"
2014,Sep 11,NA,grape harvest begins  (d-of-Yr),254,extremely advanced,Beaune (CO),"Labbé, GHD_Beaune"
2015,Sep 2,NA,grape harvest begins  (d-of-Yr),245,extremely advanced,Beaune (CO),"Labbé, GHD_Beaune"
2016,Sep 20,NA,grape harvest begins  (d-of-Yr),264,early,Beaune (CO),"Labbé, GHD_Beaune"
2017,Sep 1,NA,grape harvest begins  (d-of-Yr),244,extremely advanced,Beaune (CO),"Labbé, GHD_Beaune"
2018,Aug 25,NA,grape harvest begins  (d-of-Yr),237,extremely advanced,Beaune (CO),"Labbé, GHD_Beaune"
