year,als,auv,aux,bea,bor,bur,cha1,cha2,gai,ger,hlv,idf,jur,lan,llv,lux,mar,nit,nlo,nrv,sav,spa,slo,srv,swi,vse,vpc
1354,NA,NA,NA,NA,NA,15.272727272727273,NA,NA,NA,NA,NA,NA,NA,NA,NA,NA,NA,NA,NA,NA,NA,NA,NA,NA,NA,NA,NA
1355,NA,NA,NA,NA,NA,13.377104377104377,NA,NA,NA,NA,NA,NA,NA,NA,NA,NA,NA,NA,NA,NA,NA,NA,NA,NA,NA,NA,NA
1356,NA,NA,NA,NA,NA,NA,NA,NA,NA,NA,NA,NA,NA,NA,NA,NA,NA,NA,NA,NA,NA,NA,NA,NA,NA,NA,NA
1357,NA,NA,NA,NA,NA,18.272727272727273,NA,NA,NA,NA,NA,NA,NA,NA,NA,NA,NA,NA,NA,NA,NA,NA,NA,NA,NA,NA,NA
1358,NA,NA,NA,NA,NA,NA,NA,NA,NA,NA,NA,NA,NA,NA,NA,NA,NA,NA,NA,NA,NA,NA,NA,NA,NA,NA,NA
1359,NA,NA,NA,NA,NA,NA,NA,NA,NA,NA,NA,NA,NA,NA,NA,NA,NA,NA,NA,NA,NA,NA,NA,NA,NA,NA,NA
1360,NA,NA,NA,NA,NA,NA,NA,NA,NA,NA,NA,NA,NA,NA,NA,NA,NA,NA,NA,NA,NA,NA,NA,NA,NA,NA,NA
1361,NA,NA,NA,NA,NA,NA,NA,NA,NA,NA,NA,NA,NA,NA,NA,NA,NA,NA,NA,NA,NA,NA,NA,NA,NA,NA,NA
1362,NA,NA,NA,NA,NA,NA,NA,NA,NA,NA,NA,NA,NA,NA,NA,NA,NA,NA,NA,NA,NA,NA,NA,NA,NA,NA,NA
1363,NA,NA,NA,NA,NA,NA,NA,NA,NA,NA,NA,NA,NA,NA,NA,NA,NA,NA,NA,NA,NA,NA,NA,NA,NA,NA,NA
1364,NA,NA,NA,NA,NA,NA,NA,NA,NA,NA,NA,NA,NA,NA,NA,NA,NA,NA,NA,NA,NA,NA,NA,NA,NA,NA,NA
1365,NA,NA,NA,NA,NA,NA,NA,NA,NA,NA,NA,NA,NA,NA,NA,NA,NA,NA,NA,NA,NA,NA,NA,NA,NA,NA,NA
1366,NA,NA,NA,NA,NA,NA,NA,NA,NA,NA,NA,NA,NA,NA,NA,NA,NA,NA,NA,NA,NA,NA,NA,NA,NA,NA,NA
1367,NA,NA,NA,NA,NA,NA,NA,NA,NA,NA,NA,NA,NA,NA,NA,NA,NA,NA,NA,NA,NA,NA,NA,NA,NA,NA,NA
1368,NA,NA,NA,NA,NA,NA,NA,NA,NA,NA,NA,NA,NA,NA,NA,NA,NA,NA,NA,NA,NA,NA,NA,NA,NA,NA,NA
1369,NA,NA,NA,NA,NA,NA,NA,NA,NA,NA,NA,NA,NA,NA,NA,NA,NA,NA,NA,NA,NA,NA,NA,NA,NA,NA,NA
1370,NA,NA,NA,NA,NA,NA,NA,NA,NA,NA,NA,NA,NA,NA,NA,NA,NA,NA,NA,NA,NA,NA,NA,NA,NA,NA,NA
1371,NA,NA,NA,NA,NA,NA,NA,NA,NA,NA,NA,NA,NA,NA,NA,NA,NA,NA,NA,NA,NA,NA,NA,NA,NA,NA,NA
1372,NA,NA,NA,NA,NA,26.525252525252526,NA,NA,NA,NA,NA,NA,NA,NA,NA,NA,NA,NA,NA,NA,NA,NA,NA,NA,NA,NA,NA
1373,NA,NA,NA,NA,NA,18.12962962962963,NA,NA,NA,NA,NA,NA,NA,NA,NA,NA,NA,NA,NA,NA,NA,NA,NA,NA,NA,NA,NA
1374,NA,NA,NA,NA,NA,27.273333333333333,NA,NA,NA,NA,NA,NA,NA,NA,NA,NA,NA,NA,NA,NA,NA,NA,NA,NA,NA,NA,NA
1375,NA,NA,NA,NA,NA,19.525252525252526,NA,NA,NA,NA,NA,NA,NA,NA,NA,NA,NA,NA,NA,NA,NA,NA,NA,NA,NA,NA,NA
1376,NA,NA,NA,NA,NA,22.77777777777778,NA,NA,NA,NA,NA,NA,NA,NA,NA,NA,NA,NA,NA,NA,NA,NA,NA,NA,NA,NA,NA
1377,NA,NA,NA,NA,NA,NA,NA,NA,NA,NA,NA,NA,NA,NA,NA,NA,NA,NA,NA,NA,NA,NA,NA,NA,NA,NA,NA
1378,NA,NA,NA,NA,NA,22.877104377104377,NA,NA,NA,NA,NA,NA,NA,NA,NA,NA,NA,NA,NA,NA,NA,NA,NA,NA,NA,NA,NA
1379,NA,NA,NA,NA,NA,22.272727272727273,NA,NA,NA,NA,NA,NA,NA,NA,NA,NA,NA,NA,NA,NA,NA,NA,NA,NA,NA,NA,NA
1380,NA,NA,NA,NA,NA,19.76888888888889,NA,NA,NA,NA,NA,NA,NA,NA,NA,NA,NA,NA,NA,NA,NA,NA,NA,NA,NA,NA,NA
1381,NA,NA,NA,NA,NA,21.272727272727273,NA,NA,NA,NA,NA,NA,NA,NA,NA,NA,NA,NA,NA,NA,NA,NA,NA,NA,NA,NA,NA
1382,NA,NA,NA,NA,NA,14.365530303030303,NA,NA,NA,NA,NA,NA,NA,NA,NA,NA,NA,NA,NA,NA,NA,NA,NA,NA,NA,NA,NA
1383,NA,NA,NA,NA,NA,4.777777777777779,NA,NA,NA,NA,NA,NA,NA,NA,NA,NA,NA,NA,NA,NA,NA,NA,NA,NA,NA,NA,NA
1384,NA,NA,NA,NA,NA,6.272727272727273,NA,NA,NA,NA,NA,NA,NA,NA,NA,NA,NA,NA,NA,NA,NA,NA,NA,NA,NA,NA,NA
1385,NA,NA,NA,NA,NA,9.458333333333332,NA,NA,NA,NA,NA,NA,NA,NA,NA,NA,NA,NA,NA,NA,NA,NA,NA,NA,NA,NA,NA
1386,NA,NA,NA,NA,NA,18.136363636363637,NA,NA,NA,NA,NA,NA,NA,NA,NA,NA,NA,NA,NA,NA,NA,NA,NA,NA,NA,NA,NA
1387,NA,NA,NA,NA,NA,19.636363636363637,NA,NA,NA,NA,NA,NA,NA,NA,NA,NA,NA,NA,NA,NA,NA,NA,NA,NA,NA,NA,NA
1388,NA,NA,NA,NA,NA,26.118055555555557,NA,NA,NA,NA,NA,NA,NA,NA,NA,NA,NA,NA,NA,NA,NA,NA,NA,NA,NA,NA,NA
1389,NA,NA,NA,NA,NA,24.636363636363637,NA,NA,NA,NA,NA,NA,NA,NA,NA,NA,NA,NA,NA,NA,NA,NA,NA,NA,NA,NA,NA
1390,NA,NA,NA,NA,NA,14.625185185185185,NA,NA,NA,NA,NA,NA,NA,NA,NA,NA,NA,NA,NA,NA,NA,NA,NA,NA,NA,NA,NA
1391,NA,NA,NA,NA,NA,14.125185185185185,NA,NA,NA,NA,NA,NA,NA,NA,NA,NA,NA,NA,NA,NA,NA,NA,NA,NA,NA,NA,NA
1392,NA,NA,NA,NA,NA,37.877104377104374,NA,NA,NA,NA,NA,NA,NA,NA,NA,NA,NA,NA,NA,NA,NA,NA,NA,NA,NA,NA,NA
1393,NA,NA,NA,NA,NA,1.2727272727272734,NA,NA,NA,NA,NA,NA,NA,NA,NA,NA,NA,NA,NA,NA,NA,NA,NA,NA,NA,NA,NA
1394,NA,NA,NA,NA,NA,31,NA,NA,NA,NA,NA,NA,NA,NA,NA,NA,NA,NA,NA,NA,NA,NA,NA,NA,NA,NA,NA
1395,NA,NA,NA,NA,NA,NA,NA,NA,NA,NA,NA,NA,NA,NA,NA,NA,NA,NA,NA,NA,NA,NA,NA,NA,NA,NA,NA
1396,NA,NA,NA,NA,NA,NA,NA,NA,NA,NA,NA,NA,NA,NA,NA,NA,NA,NA,NA,NA,NA,NA,NA,NA,NA,NA,NA
1397,NA,NA,NA,NA,NA,12,NA,NA,NA,NA,NA,NA,NA,NA,NA,NA,NA,NA,NA,NA,NA,NA,NA,NA,NA,NA,NA
1398,NA,NA,NA,NA,NA,27,NA,NA,NA,NA,NA,NA,NA,NA,NA,NA,NA,NA,NA,NA,NA,NA,NA,NA,NA,NA,NA
1399,NA,NA,NA,NA,NA,26,NA,NA,NA,NA,NA,NA,NA,NA,NA,NA,NA,NA,NA,NA,NA,NA,NA,NA,NA,NA,NA
1400,NA,NA,NA,NA,NA,10.481481481481481,NA,NA,NA,NA,NA,NA,NA,NA,NA,NA,NA,NA,NA,NA,NA,NA,NA,NA,NA,NA,NA
1401,NA,NA,NA,NA,NA,19.458333333333332,NA,NA,NA,NA,NA,NA,NA,NA,NA,NA,NA,NA,NA,NA,NA,NA,NA,NA,NA,NA,NA
1402,NA,NA,NA,NA,NA,15.359444444444446,NA,NA,NA,NA,NA,NA,NA,NA,NA,NA,NA,NA,NA,NA,NA,NA,NA,NA,NA,NA,NA
1403,NA,NA,NA,NA,NA,18.729166666666664,NA,NA,NA,NA,NA,NA,NA,NA,NA,NA,NA,NA,NA,NA,NA,NA,NA,NA,NA,NA,NA
1404,NA,NA,NA,NA,NA,29.52080808080808,NA,NA,NA,NA,NA,NA,NA,NA,NA,NA,NA,NA,NA,NA,NA,NA,NA,NA,NA,NA,NA
1405,NA,NA,NA,NA,NA,26.272727272727273,NA,NA,NA,NA,NA,NA,NA,NA,NA,NA,NA,NA,NA,NA,NA,NA,NA,NA,NA,NA,NA
1406,NA,NA,NA,NA,NA,24.02080808080808,NA,NA,NA,NA,NA,NA,NA,NA,NA,NA,NA,NA,NA,NA,NA,NA,NA,NA,NA,NA,NA
1407,NA,NA,NA,NA,NA,26.48148148148148,NA,NA,NA,NA,NA,NA,NA,NA,NA,NA,NA,NA,NA,NA,NA,NA,NA,NA,NA,NA,NA
1408,NA,NA,NA,NA,NA,27.77777777777778,NA,NA,NA,NA,NA,NA,NA,NA,NA,NA,NA,NA,NA,NA,NA,NA,NA,NA,NA,NA,NA
1409,NA,NA,NA,NA,NA,17.77777777777778,NA,NA,NA,NA,NA,NA,NA,NA,NA,NA,NA,NA,NA,NA,NA,NA,NA,NA,NA,NA,NA
1410,NA,NA,NA,NA,NA,15.458333333333332,NA,NA,NA,NA,NA,NA,NA,NA,NA,NA,NA,NA,NA,NA,NA,NA,NA,NA,NA,NA,NA
1411,NA,NA,NA,NA,NA,36.45833333333333,NA,NA,NA,NA,NA,NA,NA,NA,NA,NA,NA,NA,NA,NA,NA,NA,NA,NA,NA,NA,NA
1412,NA,NA,NA,NA,NA,17.272727272727273,NA,NA,NA,NA,NA,NA,NA,NA,NA,NA,NA,NA,NA,NA,NA,NA,NA,NA,NA,NA,NA
1413,NA,NA,NA,NA,NA,14,NA,NA,NA,NA,NA,NA,NA,NA,NA,NA,NA,NA,NA,NA,NA,NA,NA,NA,NA,NA,NA
1414,NA,NA,NA,NA,NA,30.113611111111112,NA,NA,NA,NA,NA,NA,NA,NA,NA,NA,NA,NA,NA,NA,NA,NA,NA,NA,NA,NA,NA
1415,NA,NA,NA,NA,NA,21.48148148148148,NA,NA,NA,NA,NA,NA,NA,NA,NA,NA,NA,NA,NA,NA,NA,NA,NA,NA,NA,NA,NA
1416,NA,NA,NA,NA,NA,24.865530303030305,NA,NA,NA,NA,NA,NA,NA,NA,NA,NA,NA,NA,NA,NA,NA,NA,NA,NA,NA,NA,NA
1417,NA,NA,NA,NA,NA,21.136363636363637,NA,NA,NA,NA,NA,NA,NA,NA,NA,NA,NA,NA,NA,NA,NA,NA,NA,NA,NA,NA,NA
1418,NA,NA,NA,NA,NA,9.481481481481481,NA,NA,NA,NA,NA,NA,NA,NA,NA,NA,NA,NA,NA,NA,NA,NA,NA,NA,NA,NA,NA
1419,NA,NA,NA,NA,NA,17.950000000000003,NA,NA,NA,NA,NA,NA,NA,NA,NA,NA,NA,NA,NA,NA,NA,NA,NA,NA,NA,NA,NA
1420,NA,NA,NA,NA,NA,-2.6344696969696972,NA,NA,NA,NA,NA,NA,NA,NA,NA,NA,NA,NA,NA,NA,NA,NA,NA,NA,NA,NA,NA
1421,NA,NA,NA,NA,NA,23.272727272727273,NA,NA,NA,NA,NA,NA,NA,NA,NA,NA,NA,NA,NA,NA,NA,NA,NA,NA,NA,NA,NA
1422,NA,NA,NA,NA,NA,10.377104377104377,NA,NA,NA,NA,NA,NA,NA,NA,NA,NA,NA,NA,NA,NA,NA,NA,NA,NA,NA,NA,NA
1423,NA,NA,NA,NA,NA,25.950000000000003,NA,NA,NA,NA,NA,NA,NA,NA,NA,NA,NA,NA,NA,NA,NA,NA,NA,NA,NA,NA,NA
1424,NA,NA,NA,NA,NA,11.768888888888888,NA,NA,NA,NA,NA,NA,NA,NA,NA,NA,NA,NA,NA,NA,NA,NA,NA,NA,NA,NA,NA
1425,NA,NA,NA,NA,NA,16,NA,NA,NA,NA,NA,NA,NA,NA,NA,NA,NA,NA,NA,NA,NA,NA,NA,NA,NA,NA,NA
1426,NA,NA,NA,NA,NA,14,NA,NA,NA,NA,NA,NA,NA,NA,NA,NA,NA,NA,NA,NA,NA,NA,NA,NA,NA,NA,NA
1427,NA,NA,NA,NA,NA,25,NA,NA,NA,NA,NA,NA,NA,NA,NA,NA,NA,NA,NA,NA,NA,NA,NA,NA,NA,NA,NA
1428,NA,NA,NA,NA,NA,35,NA,NA,NA,NA,NA,NA,NA,NA,NA,NA,NA,NA,NA,NA,NA,NA,NA,NA,NA,NA,NA
1429,NA,NA,NA,NA,NA,24,NA,NA,NA,NA,NA,NA,NA,NA,NA,NA,NA,NA,NA,NA,NA,NA,NA,NA,NA,NA,NA
1430,NA,NA,NA,NA,NA,15,NA,NA,NA,NA,NA,NA,NA,NA,NA,NA,NA,NA,NA,NA,NA,NA,NA,NA,NA,NA,NA
1431,NA,NA,NA,NA,NA,19,NA,NA,NA,NA,NA,NA,NA,NA,NA,NA,NA,NA,NA,NA,NA,NA,NA,NA,NA,NA,NA
1432,NA,NA,NA,NA,NA,NA,NA,NA,NA,NA,NA,NA,NA,NA,NA,NA,NA,NA,NA,NA,NA,NA,NA,NA,NA,NA,NA
1433,NA,NA,NA,NA,NA,13,NA,NA,NA,NA,NA,NA,NA,NA,NA,NA,NA,NA,NA,NA,NA,NA,NA,8.631578947368421,NA,NA,NA
1434,NA,NA,NA,NA,NA,1,NA,NA,NA,NA,NA,NA,NA,NA,NA,NA,NA,NA,NA,NA,NA,NA,NA,NA,NA,NA,NA
1435,NA,NA,NA,NA,NA,25,NA,NA,NA,NA,NA,NA,NA,NA,NA,NA,NA,NA,NA,NA,NA,NA,NA,NA,NA,NA,NA
1436,NA,NA,NA,NA,NA,29,NA,NA,NA,NA,NA,NA,NA,NA,NA,NA,NA,NA,NA,NA,NA,NA,NA,21.63157894736842,NA,NA,NA
1437,NA,NA,NA,NA,NA,NA,NA,NA,NA,NA,NA,NA,NA,NA,NA,NA,NA,NA,NA,NA,NA,NA,NA,17.63157894736842,NA,NA,NA
1438,NA,NA,NA,NA,NA,NA,NA,NA,NA,NA,NA,NA,NA,NA,NA,NA,NA,NA,NA,NA,NA,NA,NA,15.631578947368421,NA,NA,NA
1439,NA,NA,NA,NA,NA,NA,NA,NA,NA,NA,NA,NA,NA,NA,NA,NA,NA,NA,NA,NA,NA,NA,NA,NA,NA,NA,NA
1440,NA,NA,NA,NA,NA,28,NA,NA,NA,NA,NA,NA,NA,NA,NA,NA,NA,NA,NA,NA,NA,NA,NA,8.631578947368421,NA,NA,NA
1441,NA,NA,NA,NA,NA,18,NA,NA,NA,NA,NA,NA,NA,NA,NA,NA,NA,NA,NA,NA,NA,NA,NA,16.63157894736842,NA,NA,NA
1442,NA,NA,NA,NA,NA,NA,NA,NA,NA,NA,NA,NA,NA,NA,NA,NA,NA,NA,NA,NA,NA,NA,NA,10.631578947368421,NA,NA,NA
1443,NA,NA,NA,NA,NA,26,NA,NA,NA,NA,NA,NA,NA,NA,NA,NA,NA,NA,NA,NA,NA,NA,NA,13.631578947368421,NA,NA,NA
1444,NA,NA,NA,NA,NA,NA,NA,NA,NA,NA,NA,NA,NA,NA,NA,NA,NA,NA,NA,NA,NA,NA,NA,16.63157894736842,NA,NA,NA
1445,NA,NA,NA,NA,NA,NA,NA,NA,NA,NA,NA,NA,NA,NA,NA,NA,NA,NA,NA,NA,NA,NA,NA,NA,NA,NA,NA
1446,NA,NA,NA,NA,NA,NA,NA,NA,NA,NA,NA,NA,NA,NA,NA,NA,NA,NA,NA,NA,NA,NA,NA,NA,NA,NA,NA
1447,NA,NA,NA,NA,NA,NA,NA,NA,NA,NA,NA,NA,NA,NA,NA,NA,NA,NA,NA,NA,NA,NA,NA,NA,NA,NA,NA
1448,NA,NA,NA,NA,NA,30,NA,NA,NA,NA,NA,NA,63.976190476190474,NA,NA,NA,NA,NA,NA,NA,NA,NA,NA,NA,NA,NA,NA
1449,NA,NA,NA,NA,49,42,NA,NA,NA,NA,NA,NA,37.976190476190474,NA,NA,NA,NA,NA,NA,NA,NA,NA,NA,NA,NA,NA,NA
1450,NA,NA,NA,NA,NA,25,NA,NA,NA,NA,NA,NA,NA,NA,NA,NA,NA,NA,NA,NA,NA,NA,NA,NA,NA,NA,NA
1451,NA,NA,NA,NA,45,39,NA,NA,NA,NA,NA,NA,NA,NA,NA,NA,NA,NA,NA,NA,NA,NA,NA,NA,NA,NA,NA
1452,NA,NA,NA,NA,NA,24,NA,NA,NA,NA,NA,NA,22.976190476190474,NA,NA,NA,NA,NA,NA,NA,NA,NA,NA,NA,NA,NA,NA
1453,NA,NA,NA,NA,NA,37,NA,NA,NA,NA,NA,NA,44.976190476190474,NA,NA,NA,NA,NA,NA,NA,NA,NA,NA,NA,NA,NA,NA
1454,NA,NA,NA,NA,NA,34,NA,NA,NA,NA,NA,NA,NA,NA,NA,NA,NA,NA,NA,NA,NA,NA,NA,NA,NA,NA,NA
1455,NA,NA,NA,NA,NA,31,NA,NA,NA,NA,NA,NA,NA,NA,NA,NA,NA,NA,NA,NA,NA,NA,NA,NA,NA,NA,NA
1456,NA,NA,NA,NA,NA,33,NA,NA,NA,NA,NA,NA,NA,NA,NA,NA,NA,NA,NA,NA,NA,NA,NA,NA,NA,NA,NA
1457,NA,NA,NA,NA,NA,14,NA,NA,NA,NA,NA,NA,NA,NA,NA,NA,NA,NA,NA,NA,NA,NA,NA,NA,NA,NA,NA
1458,NA,NA,NA,NA,NA,18,NA,NA,NA,NA,NA,NA,NA,NA,NA,NA,NA,NA,NA,NA,NA,NA,NA,8.631578947368421,NA,NA,NA
1459,NA,NA,NA,NA,NA,35,NA,NA,NA,NA,NA,NA,NA,NA,NA,NA,NA,NA,NA,NA,NA,NA,NA,NA,NA,NA,NA
1460,NA,NA,NA,NA,NA,NA,NA,NA,NA,NA,NA,NA,NA,NA,NA,NA,NA,NA,NA,NA,NA,NA,NA,NA,NA,NA,NA
1461,NA,NA,NA,NA,27,16,NA,NA,NA,NA,NA,NA,NA,NA,NA,NA,NA,NA,NA,NA,NA,NA,NA,NA,NA,NA,NA
1462,NA,NA,NA,NA,NA,NA,NA,NA,NA,NA,NA,NA,NA,NA,NA,NA,NA,NA,NA,NA,NA,NA,NA,NA,NA,NA,NA
1463,NA,NA,NA,NA,NA,35,NA,NA,NA,NA,NA,NA,NA,NA,NA,NA,NA,NA,NA,NA,NA,NA,NA,NA,NA,NA,NA
1464,NA,NA,NA,NA,NA,14,NA,NA,NA,NA,NA,NA,NA,NA,NA,NA,NA,NA,NA,NA,NA,NA,NA,NA,NA,NA,NA
1465,NA,NA,NA,NA,59,41,NA,NA,NA,NA,NA,NA,47.976190476190474,NA,NA,NA,NA,NA,NA,NA,NA,NA,NA,NA,NA,NA,NA
1466,NA,NA,NA,NA,NA,27,NA,NA,NA,NA,NA,NA,NA,NA,NA,NA,NA,NA,NA,NA,NA,NA,NA,NA,NA,NA,NA
1467,NA,NA,NA,NA,NA,27,NA,NA,NA,NA,NA,NA,45.976190476190474,NA,NA,NA,NA,NA,NA,NA,NA,NA,NA,15,NA,NA,NA
1468,NA,NA,NA,NA,NA,32,NA,NA,NA,NA,NA,NA,NA,NA,NA,NA,NA,NA,NA,NA,NA,NA,NA,NA,NA,NA,NA
1469,NA,NA,NA,NA,NA,20,NA,NA,NA,NA,NA,NA,NA,NA,NA,NA,NA,NA,NA,NA,NA,NA,NA,18,NA,NA,NA
1470,NA,NA,NA,NA,NA,37,NA,NA,NA,NA,NA,NA,NA,NA,NA,NA,NA,NA,NA,NA,NA,NA,NA,17,NA,NA,NA
1471,NA,NA,NA,NA,NA,11,NA,NA,NA,NA,NA,NA,NA,NA,NA,NA,NA,NA,NA,NA,NA,NA,NA,NA,NA,NA,NA
1472,NA,NA,NA,NA,NA,23,NA,NA,NA,NA,NA,NA,NA,NA,NA,NA,NA,NA,NA,NA,NA,NA,NA,NA,NA,NA,NA
1473,NA,NA,NA,NA,NA,-2,NA,NA,NA,NA,NA,NA,NA,NA,NA,NA,NA,NA,NA,NA,NA,NA,NA,NA,NA,NA,NA
1474,NA,NA,NA,NA,45,39,NA,NA,NA,NA,NA,NA,NA,NA,NA,NA,NA,NA,NA,NA,NA,NA,NA,NA,NA,NA,NA
1475,NA,NA,NA,NA,NA,31,NA,NA,NA,NA,NA,NA,NA,NA,NA,NA,NA,NA,NA,NA,NA,NA,NA,13.052631578947368,NA,NA,NA
1476,NA,NA,NA,NA,36,28,NA,NA,NA,NA,NA,NA,NA,NA,NA,NA,NA,NA,NA,NA,NA,NA,NA,7.815789473684211,NA,NA,NA
1477,NA,NA,NA,NA,NA,41,NA,NA,NA,NA,NA,NA,NA,NA,NA,NA,NA,NA,NA,NA,NA,NA,NA,NA,NA,NA,NA
1478,NA,NA,NA,NA,25,19,NA,NA,NA,NA,NA,23.333333333333332,NA,NA,NA,NA,NA,NA,NA,NA,NA,NA,NA,NA,NA,NA,NA
1479,NA,NA,NA,NA,NA,16,NA,NA,NA,NA,NA,NA,NA,NA,NA,NA,NA,NA,NA,NA,NA,NA,NA,NA,NA,NA,NA
1480,NA,NA,NA,NA,NA,39,NA,NA,NA,NA,NA,NA,NA,NA,NA,NA,NA,NA,NA,NA,NA,NA,NA,NA,48,NA,NA
1481,NA,NA,NA,NA,NA,47,NA,NA,NA,NA,NA,NA,NA,NA,NA,NA,NA,NA,NA,NA,NA,NA,NA,NA,NA,NA,NA
1482,NA,NA,NA,NA,41,16,NA,NA,NA,NA,NA,NA,NA,NA,NA,NA,NA,NA,NA,NA,NA,NA,NA,NA,NA,NA,NA
1483,NA,NA,NA,NA,26,15,NA,NA,18,NA,NA,NA,NA,NA,NA,NA,NA,NA,NA,NA,NA,NA,NA,NA,NA,NA,NA
1484,NA,NA,NA,NA,14,21,NA,NA,NA,NA,NA,37.33333333333333,NA,NA,NA,NA,NA,NA,NA,NA,NA,NA,NA,7.631578947368421,NA,NA,NA
1485,NA,NA,NA,NA,53,44,NA,NA,50,NA,NA,15.03333333333333,NA,NA,NA,NA,NA,NA,NA,NA,NA,NA,NA,NA,NA,NA,NA
1486,NA,NA,NA,NA,NA,21,NA,NA,NA,NA,NA,15.333333333333332,NA,NA,NA,NA,NA,NA,NA,NA,NA,NA,NA,NA,NA,NA,NA
1487,NA,NA,NA,NA,NA,23,NA,NA,NA,NA,NA,25.333333333333332,NA,NA,NA,NA,NA,NA,NA,NA,NA,NA,NA,NA,NA,NA,NA
1488,NA,NA,NA,NA,NA,43,NA,NA,NA,NA,NA,45.23333333333333,NA,NA,NA,NA,NA,NA,NA,NA,NA,NA,NA,NA,NA,NA,NA
1489,NA,NA,NA,NA,NA,32,NA,NA,NA,NA,NA,19.333333333333332,NA,NA,NA,NA,NA,NA,NA,NA,NA,NA,NA,NA,NA,NA,NA
1490,NA,NA,NA,NA,NA,26,NA,NA,NA,NA,NA,24.333333333333332,NA,NA,NA,NA,NA,NA,NA,NA,NA,NA,NA,NA,NA,NA,NA
1491,NA,NA,NA,NA,NA,46,NA,NA,NA,NA,NA,49.33333333333333,NA,NA,NA,NA,NA,NA,NA,NA,NA,NA,NA,NA,NA,NA,NA
1492,NA,NA,NA,NA,NA,NA,NA,NA,25,NA,NA,NA,23.976190476190474,NA,NA,NA,NA,NA,NA,NA,NA,NA,NA,NA,NA,NA,NA
1493,NA,NA,NA,NA,NA,36,NA,NA,29,NA,NA,31.333333333333332,42.976190476190474,NA,NA,NA,NA,NA,NA,NA,NA,NA,NA,NA,NA,NA,NA
1494,NA,NA,NA,NA,NA,19,NA,NA,NA,NA,NA,NA,23.976190476190474,NA,NA,NA,NA,NA,NA,NA,NA,NA,NA,NA,NA,NA,NA
1495,NA,NA,NA,NA,NA,14,NA,NA,NA,NA,NA,NA,NA,NA,NA,NA,NA,NA,NA,NA,NA,NA,NA,NA,NA,NA,NA
1496,NA,NA,NA,NA,NA,41,NA,NA,NA,NA,NA,36.133333333333326,NA,NA,NA,NA,NA,NA,NA,NA,NA,NA,NA,NA,44,NA,NA
1497,NA,NA,NA,NA,NA,40,NA,NA,NA,NA,NA,32.633333333333326,NA,NA,NA,NA,NA,NA,NA,NA,NA,NA,NA,NA,23,NA,NA
1498,NA,NA,NA,NA,NA,27,NA,NA,NA,NA,NA,19.333333333333332,NA,NA,NA,NA,NA,NA,NA,NA,NA,NA,NA,NA,34,NA,NA
1499,NA,NA,NA,NA,NA,29,NA,NA,34,NA,NA,NA,NA,NA,NA,NA,NA,NA,NA,NA,NA,49,NA,NA,35,NA,NA
1500,NA,NA,NA,NA,NA,14,NA,NA,NA,NA,NA,NA,NA,NA,NA,NA,14,NA,NA,NA,NA,40,NA,NA,NA,NA,NA
1501,NA,NA,NA,NA,NA,19,NA,NA,16,NA,NA,NA,NA,NA,NA,NA,NA,NA,NA,NA,NA,37,NA,NA,NA,NA,NA
1502,NA,NA,NA,NA,NA,29,NA,NA,NA,NA,NA,15.395833333333332,NA,NA,NA,NA,12,NA,NA,NA,NA,NA,NA,NA,33,NA,NA
1503,NA,NA,NA,NA,NA,28,NA,NA,27,NA,NA,6.395833333333332,NA,NA,NA,NA,NA,NA,NA,NA,NA,39,NA,NA,17,NA,NA
1504,NA,NA,NA,NA,NA,15,NA,NA,NA,NA,NA,NA,20.976190476190474,NA,NA,NA,NA,NA,NA,NA,NA,36,NA,NA,27,NA,NA
1505,NA,NA,NA,NA,NA,43,NA,NA,NA,NA,NA,43.033333333333324,NA,NA,NA,NA,NA,NA,NA,NA,NA,NA,NA,NA,46,NA,NA
1506,NA,NA,NA,NA,NA,28,NA,NA,36,NA,NA,17.395833333333332,NA,NA,NA,NA,NA,NA,NA,NA,NA,48,NA,NA,41,NA,NA
1507,NA,NA,NA,NA,NA,16,NA,NA,NA,NA,NA,9.395833333333332,44.976190476190474,NA,NA,NA,NA,NA,NA,NA,NA,NA,NA,NA,26,NA,NA
1508,NA,NA,NA,NA,NA,30,NA,NA,NA,NA,NA,28.395833333333332,46,NA,NA,NA,NA,NA,NA,NA,NA,53,NA,NA,NA,NA,NA
1509,NA,NA,NA,NA,NA,20,NA,NA,NA,NA,NA,20.395833333333332,NA,NA,NA,NA,NA,NA,NA,NA,NA,NA,NA,NA,35,NA,NA
1510,NA,NA,NA,NA,NA,30,NA,NA,NA,NA,NA,27.53333333333333,NA,NA,NA,NA,NA,NA,NA,NA,NA,45,NA,NA,35,NA,NA
1511,NA,NA,NA,NA,NA,44,NA,NA,NA,NA,NA,35.533333333333324,NA,NA,NA,NA,NA,NA,NA,NA,NA,35,NA,NA,51,NA,NA
1512,NA,NA,NA,NA,NA,24,NA,NA,25,NA,NA,16.364583333333332,NA,NA,NA,NA,NA,NA,NA,NA,NA,45,NA,NA,33,NA,NA
1513,NA,NA,NA,NA,NA,NA,NA,NA,NA,NA,NA,19.364583333333332,NA,NA,NA,NA,NA,NA,NA,NA,NA,57,NA,NA,35,NA,NA
1514,NA,NA,NA,NA,NA,33,NA,NA,NA,NA,NA,11.364583333333332,NA,NA,NA,NA,NA,NA,NA,NA,NA,NA,NA,NA,36,NA,NA
1515,NA,NA,NA,NA,NA,35,NA,NA,NA,NA,NA,13.395833333333332,NA,NA,NA,NA,NA,NA,NA,NA,NA,NA,NA,NA,46,NA,NA
1516,NA,NA,NA,NA,NA,12,NA,NA,NA,NA,NA,3.395833333333332,NA,NA,NA,NA,12,NA,NA,NA,NA,NA,NA,NA,NA,NA,NA
1517,NA,NA,NA,NA,NA,26,NA,NA,3,NA,NA,NA,NA,NA,NA,NA,17,NA,NA,NA,NA,45,NA,NA,24,NA,NA
1518,NA,NA,NA,NA,NA,22,NA,NA,NA,NA,NA,12.364583333333332,NA,NA,NA,NA,24,NA,NA,NA,NA,NA,NA,NA,35,NA,NA
1519,NA,NA,NA,NA,NA,40,NA,NA,NA,NA,NA,NA,NA,NA,NA,NA,18,NA,NA,NA,NA,47,NA,NA,41,NA,NA
1520,NA,NA,NA,NA,NA,NA,NA,NA,NA,NA,NA,10.333333333333332,NA,NA,NA,NA,23,NA,NA,NA,NA,NA,NA,NA,26,NA,NA
1521,NA,NA,NA,NA,NA,NA,NA,NA,NA,NA,NA,21.333333333333332,NA,NA,NA,NA,NA,NA,NA,NA,NA,NA,NA,NA,26,NA,NA
1522,NA,NA,NA,NA,NA,36,NA,NA,NA,NA,NA,26.333333333333332,NA,NA,NA,NA,NA,NA,NA,NA,NA,NA,NA,NA,41,NA,NA
1523,NA,NA,NA,NA,NA,26,NA,NA,NA,NA,NA,24.364583333333332,NA,NA,NA,NA,NA,NA,NA,NA,NA,NA,NA,NA,35,NA,NA
1524,NA,NA,NA,NA,NA,NA,NA,NA,NA,NA,NA,11.395833333333332,25,3.41,NA,NA,NA,NA,NA,NA,NA,NA,NA,NA,NA,NA,NA
1525,NA,NA,NA,NA,NA,21,NA,NA,NA,NA,NA,17.864583333333332,34.48809523809524,NA,NA,NA,NA,NA,NA,NA,NA,NA,NA,NA,NA,NA,NA
1526,NA,NA,NA,NA,NA,NA,NA,NA,NA,NA,NA,23.40304487179487,39.98809523809524,NA,NA,NA,NA,NA,NA,NA,NA,NA,NA,NA,33,NA,NA
1527,NA,NA,NA,NA,NA,43,NA,NA,NA,NA,NA,38.86458333333333,56,NA,NA,NA,NA,NA,NA,NA,NA,61,NA,40.84210526315789,NA,NA,NA
1528,NA,NA,NA,NA,NA,35,NA,NA,NA,NA,NA,22.864583333333332,52,NA,NA,NA,NA,NA,NA,NA,NA,53,NA,NA,39,NA,NA
1529,NA,NA,NA,NA,NA,NA,NA,NA,NA,NA,NA,40.39583333333333,60.48809523809524,NA,NA,NA,NA,NA,NA,NA,NA,45,NA,NA,50,NA,NA
1530,NA,NA,NA,NA,NA,15,NA,NA,NA,NA,NA,11.395833333333332,25,NA,NA,NA,NA,NA,NA,NA,NA,NA,NA,NA,50,NA,NA
1531,NA,NA,NA,NA,NA,NA,NA,NA,NA,NA,NA,25.395833333333332,36.48809523809524,NA,NA,NA,NA,NA,NA,NA,NA,NA,NA,NA,35,NA,NA
1532,NA,NA,NA,NA,27,20,NA,NA,NA,NA,NA,22.395833333333332,34,NA,NA,NA,NA,NA,NA,NA,NA,NA,NA,2.0384615384615365,NA,NA,NA
1533,NA,NA,NA,NA,35,36,NA,NA,NA,NA,NA,21.364583333333332,38.48809523809524,NA,NA,NA,NA,NA,NA,NA,NA,NA,NA,NA,39,NA,NA
1534,NA,NA,NA,NA,24,20,NA,NA,NA,NA,NA,14.395833333333332,25,NA,NA,NA,NA,NA,NA,NA,NA,NA,NA,2.911764705882355,NA,NA,NA
1535,NA,NA,NA,NA,NA,30,NA,NA,NA,NA,NA,26.364583333333332,47.48809523809524,NA,NA,NA,NA,NA,NA,NA,NA,NA,NA,NA,NA,NA,NA
1536,NA,NA,NA,NA,NA,8,NA,NA,NA,NA,NA,NA,32.98809523809524,20.05,NA,NA,NA,NA,NA,NA,NA,NA,NA,NA,NA,NA,NA
1537,NA,NA,NA,NA,NA,40,NA,NA,NA,NA,NA,27.333333333333332,45.98809523809524,NA,NA,NA,NA,NA,NA,20,NA,NA,NA,18.038461538461537,NA,NA,NA
1538,NA,NA,NA,NA,NA,12,NA,NA,NA,NA,NA,5.364583333333332,26.988095238095237,NA,NA,NA,NA,NA,NA,NA,NA,NA,NA,NA,NA,NA,NA
1539,NA,NA,NA,NA,NA,26,NA,NA,NA,NA,NA,26.333333333333332,37.48809523809524,NA,NA,NA,NA,NA,NA,NA,NA,NA,NA,NA,NA,NA,NA
1540,NA,NA,NA,NA,NA,3,NA,NA,NA,NA,NA,6.395833333333332,8.988095238095237,NA,NA,NA,NA,NA,NA,11,NA,37,NA,NA,NA,NA,NA
1541,NA,NA,NA,NA,NA,NA,NA,NA,NA,NA,NA,22.364583333333332,51.48809523809524,NA,NA,NA,NA,NA,NA,NA,NA,53,NA,14.57142857142857,NA,NA,NA
1542,NA,NA,NA,NA,NA,NA,NA,NA,NA,NA,NA,43.86458333333333,64.48809523809524,NA,NA,NA,NA,NA,NA,NA,NA,49,NA,NA,NA,NA,NA
1543,NA,NA,NA,NA,NA,NA,NA,NA,NA,NA,NA,21.333333333333332,51.48809523809524,NA,NA,NA,NA,NA,NA,NA,NA,48,NA,NA,NA,22,NA
1544,NA,NA,NA,NA,NA,NA,NA,NA,NA,NA,NA,27.333333333333332,41,NA,NA,NA,NA,NA,NA,NA,NA,NA,NA,NA,NA,NA,NA
1545,NA,NA,NA,NA,NA,11,NA,NA,NA,NA,NA,12.410256410256409,19.988095238095237,NA,NA,NA,NA,NA,NA,NA,NA,31,NA,NA,NA,NA,NA
1546,NA,NA,NA,NA,NA,23,NA,NA,NA,NA,NA,13.333333333333332,33.976190476190474,NA,NA,NA,NA,NA,NA,NA,NA,32,NA,NA,NA,NA,NA
1547,NA,NA,NA,NA,NA,31,NA,NA,NA,NA,NA,21.38741987179487,NA,NA,NA,NA,NA,NA,NA,NA,NA,NA,NA,NA,NA,19,NA
1548,NA,NA,NA,NA,NA,29,NA,NA,NA,NA,NA,30.133333333333333,37.976190476190474,NA,NA,NA,NA,NA,NA,NA,NA,NA,NA,NA,NA,22,NA
1549,NA,NA,NA,NA,NA,34,NA,NA,21,NA,NA,22.348958333333332,35.976190476190474,NA,NA,NA,25,NA,NA,NA,NA,NA,NA,11,21,23,NA
1550,NA,NA,NA,NA,NA,37,NA,NA,10,NA,NA,20.333333333333332,48.976190476190474,NA,NA,NA,NA,NA,NA,NA,NA,NA,NA,13.3,39,NA,NA
1551,NA,NA,NA,NA,NA,26,NA,NA,NA,NA,NA,19.742424242424242,35.976190476190474,NA,NA,NA,NA,NA,NA,NA,NA,47,NA,11.631578947368421,34.81951219512195,NA,NA
1552,NA,NA,NA,NA,NA,13,NA,NA,NA,NA,NA,14.87179487179487,28.976190476190474,NA,NA,NA,NA,NA,NA,NA,NA,45,NA,9,27.319512195121952,NA,NA
1553,NA,NA,NA,NA,NA,35,NA,NA,28,NA,NA,27.41025641025641,45.976190476190474,NA,NA,NA,22,NA,NA,NA,NA,51,NA,16.3,38.31951219512195,NA,NA
1554,NA,NA,NA,NA,NA,NA,NA,NA,NA,NA,NA,14.848958333333332,31.976190476190474,32.2,NA,NA,NA,NA,NA,NA,NA,41,NA,5,30.819512195121952,NA,NA
1555,NA,NA,NA,NA,NA,40,NA,NA,NA,NA,NA,47.55350378787878,59.976190476190474,NA,NA,NA,26.5,NA,NA,NA,NA,49,NA,10,45.31951219512195,NA,NA
1556,NA,NA,NA,NA,NA,5,NA,NA,NA,NA,NA,NA,14.976190476190474,NA,NA,NA,7,NA,NA,NA,NA,41,NA,4.815789473684211,6.639024390243904,NA,NA
1557,NA,NA,NA,NA,NA,33,NA,NA,NA,NA,NA,16.03787878787879,48.976190476190474,NA,NA,NA,27,NA,NA,NA,NA,70,NA,16,37,NA,NA
1558,NA,NA,NA,NA,NA,32,NA,NA,NA,NA,NA,11.364583333333332,NA,NA,NA,NA,34.5,NA,NA,NA,NA,52,NA,13,36,NA,NA
1559,NA,NA,NA,NA,NA,5,NA,NA,NA,NA,NA,11.410256410256409,24.976190476190474,21.2,NA,NA,25,NA,NA,NA,NA,NA,NA,0,17,NA,NA
1560,NA,NA,NA,NA,NA,36,NA,NA,NA,NA,NA,26.333333333333332,45.48809523809524,NA,NA,NA,NA,NA,NA,NA,NA,54,NA,10,42.639024390243904,NA,NA
1561,NA,NA,NA,NA,NA,14,NA,NA,NA,NA,NA,3.333333333333332,36.98809523809524,NA,NA,NA,29,NA,NA,NA,NA,41,NA,2,32.639024390243904,NA,NA
1562,NA,NA,NA,NA,NA,NA,NA,NA,NA,NA,NA,NA,42.48809523809524,NA,NA,NA,NA,NA,NA,NA,NA,47,NA,1,33.276119402985074,NA,NA
1563,NA,NA,NA,NA,NA,30,NA,NA,16,NA,NA,NA,48.976190476190474,NA,NA,NA,NA,NA,NA,NA,NA,NA,NA,NA,44,NA,NA
1564,NA,NA,NA,NA,NA,46,NA,NA,NA,NA,NA,34.33333333333333,45.976190476190474,NA,NA,NA,NA,NA,NA,NA,NA,42,NA,NA,34.63805970149254,NA,NA
1565,NA,NA,NA,NA,NA,NA,NA,NA,NA,NA,NA,NA,44.976190476190474,NA,NA,NA,35,NA,NA,NA,NA,45,NA,NA,43.276119402985074,NA,NA
1566,NA,NA,NA,NA,NA,38,NA,NA,NA,NA,NA,NA,40,NA,NA,NA,23,NA,NA,NA,NA,42,NA,NA,29,NA,NA
1567,NA,NA,NA,NA,NA,23,NA,NA,NA,NA,NA,13.848958333333332,33.976190476190474,NA,NA,NA,NA,NA,NA,NA,NA,39,NA,NA,40.95757189661449,NA,NA
1568,NA,NA,NA,NA,NA,30,NA,NA,NA,NA,NA,13.88741987179487,49,NA,NA,NA,34,NA,NA,NA,NA,48,NA,NA,46.639024390243904,NA,NA
1569,NA,NA,NA,NA,NA,26,NA,NA,NA,NA,NA,22.41025641025641,48.98809523809524,NA,NA,NA,33,NA,NA,NA,NA,NA,NA,NA,49.95757189661449,NA,NA
1570,NA,NA,NA,NA,NA,35,NA,NA,NA,NA,NA,27.41025641025641,58.48809523809524,NA,NA,NA,NA,NA,NA,NA,NA,NA,NA,NA,52.639024390243904,NA,NA
1571,NA,NA,NA,NA,NA,NA,NA,NA,NA,NA,NA,17.742424242424242,24.988095238095237,NA,NA,NA,17,NA,NA,NA,NA,NA,NA,3.6315789473684212,27.639024390243904,NA,NA
1572,NA,NA,NA,NA,NA,19,NA,NA,NA,NA,NA,18.742424242424242,28.488095238095237,NA,NA,NA,30,NA,NA,NA,NA,52,NA,14,32.639024390243904,NA,NA
1573,NA,NA,NA,NA,NA,40,NA,NA,NA,NA,NA,35.36458333333333,54.976190476190474,NA,NA,NA,42,NA,NA,NA,NA,49,NA,19,53.63805970149254,NA,NA
1574,NA,NA,NA,NA,NA,29,NA,NA,NA,NA,NA,47.742424242424235,36.48809523809524,NA,NA,NA,NA,NA,NA,NA,NA,45,NA,10,34.63805970149254,NA,NA
1575,NA,NA,NA,NA,NA,26,NA,NA,NA,NA,NA,20.133333333333333,41.976190476190474,NA,NA,NA,28,NA,NA,NA,NA,39,NA,8,38,NA,NA
1576,NA,NA,NA,NA,NA,36,NA,NA,NA,NA,NA,26.364583333333332,53.48809523809524,NA,NA,NA,NA,NA,NA,NA,NA,55,NA,16,46.639024390243904,NA,NA
1577,NA,NA,NA,NA,NA,33,NA,NA,NA,NA,NA,27.333333333333332,49.976190476190474,NA,NA,NA,31.5,NA,NA,NA,NA,47,NA,10.277777777777777,43,NA,NA
1578,NA,NA,NA,NA,NA,21,NA,NA,NA,NA,NA,13.17179487179487,40.976190476190474,NA,NA,NA,30,NA,NA,NA,NA,32,NA,5,43.63805970149254,NA,NA
1579,NA,NA,NA,NA,NA,39,NA,NA,NA,NA,NA,35.671794871794866,60.976190476190474,25.41,NA,NA,NA,NA,NA,NA,NA,38,NA,13,52.639024390243904,NA,NA
1580,NA,NA,NA,NA,NA,30,NA,NA,19,NA,NA,25.03787878787879,44.976190476190474,NA,NA,NA,22,NA,NA,NA,NA,43,NA,NA,32.639024390243904,NA,NA
1581,NA,NA,NA,NA,NA,33,NA,NA,NA,NA,NA,56.36458333333333,50.976190476190474,NA,NA,NA,31,NA,NA,NA,NA,35,NA,14,40.45757189661449,NA,NA
1582,NA,NA,NA,NA,NA,28,NA,NA,NA,NA,NA,32.34895833333333,42.98809523809524,NA,NA,NA,31,NA,NA,NA,NA,44,NA,15,26.703905258705767,NA,NA
1583,NA,NA,NA,NA,NA,12,NA,NA,NA,NA,NA,13.037878787878787,33.98809523809524,20.41,NA,NA,NA,NA,NA,NA,NA,31,NA,5,25.319512195121952,NA,NA
1584,NA,NA,NA,NA,NA,25,NA,NA,NA,NA,NA,26.37179487179487,39.98809523809524,NA,NA,NA,38,NA,NA,NA,NA,33,NA,10,36.95757189661449,NA,NA
1585,NA,NA,NA,NA,NA,34,NA,NA,NA,NA,NA,47.133333333333326,45.98809523809524,23.41,NA,NA,45,NA,NA,NA,NA,53,NA,15.63425925925926,44.639024390243904,NA,NA
1586,NA,NA,NA,NA,27,32,NA,NA,NA,NA,NA,44.87179487179487,48.976190476190474,NA,NA,NA,NA,NA,NA,NA,NA,35,NA,14.090141612200437,36,NA,NA
1587,NA,NA,NA,NA,32,42,NA,NA,NA,NA,NA,52.41025641025641,60.48809523809524,NA,NA,NA,52,NA,NA,NA,NA,30,NA,22,40.52245276507635,NA,NA
1588,NA,NA,NA,NA,24,24,NA,NA,NA,NA,NA,33.87179487179487,41.98809523809524,15.17,NA,NA,36,NA,NA,NA,NA,33,NA,9,40,NA,NA
1589,NA,NA,NA,NA,NA,25,NA,NA,31,NA,NA,30.84895833333333,39.98809523809524,NA,NA,NA,36,NA,NA,NA,NA,39,NA,9.968149038461538,30.76878612716763,NA,NA
1590,NA,NA,NA,NA,NA,13,NA,NA,NA,NA,NA,22.55350378787879,26.488095238095237,NA,NA,NA,NA,NA,NA,NA,NA,43,NA,14.63425925925926,20,NA,NA
1591,NA,NA,NA,NA,33.5,32,NA,NA,NA,NA,NA,33.87179487179487,44.98809523809524,NA,NA,NA,36,NA,NA,NA,NA,44,NA,12.9296875,42.639024390243904,NA,NA
1592,NA,NA,NA,NA,26,32,NA,NA,NA,NA,NA,36.37179487179487,51.48809523809524,NA,NA,NA,NA,NA,NA,NA,NA,42,NA,11,46.02245276507635,NA,NA
1593,NA,NA,NA,NA,33.5,32,NA,NA,NA,NA,NA,37.633333333333326,50.48809523809524,NA,NA,NA,NA,NA,NA,NA,NA,36,NA,9.13425925925926,44.639024390243904,NA,NA
1594,NA,NA,NA,NA,47.75,30,NA,NA,NA,NA,NA,NA,46.48809523809524,NA,NA,NA,47,NA,NA,NA,NA,37,NA,9,48.384393063583815,NA,NA
1595,NA,NA,NA,NA,29.5,25,NA,NA,22,NA,NA,41.74895833333333,47.976190476190474,NA,NA,NA,49,NA,NA,NA,NA,32,NA,15.81578947368421,42.884393063583815,NA,NA
1596,NA,NA,NA,NA,36.25,33,NA,NA,NA,NA,NA,36.73333333333333,52.976190476190474,NA,NA,NA,52,NA,NA,NA,NA,52,NA,15.268518518518519,47.639024390243904,NA,NA
1597,NA,NA,NA,NA,41.5,43,NA,NA,NA,NA,NA,54.36458333333333,60.98809523809524,NA,NA,NA,51,NA,NA,NA,NA,45,NA,18.56394675925926,45.639024390243904,NA,NA
1598,NA,NA,NA,NA,31.5,23,NA,NA,31,NA,NA,39.36458333333333,47.98809523809524,NA,NA,NA,NA,NA,NA,NA,NA,35,NA,14.824175824175823,35.639024390243904,NA,NA
1599,NA,NA,NA,NA,20.5,11,NA,NA,NA,NA,NA,6.333333333333332,27.988095238095237,NA,NA,NA,NA,NA,NA,NA,NA,31,NA,0.13425925925925952,24.022452765076352,20,NA
1600,NA,NA,NA,NA,50.5,43,NA,NA,NA,NA,49,50.33333333333333,62.48809523809524,NA,NA,NA,NA,NA,NA,NA,NA,32,NA,16.076923076923077,48.639024390243904,40,26
1601,NA,NA,NA,NA,35.5,38,NA,NA,NA,NA,NA,31.333333333333332,56.48809523809524,34.41,NA,NA,NA,NA,NA,NA,NA,52,NA,30.2,45.76878612716763,NA,21
1602,NA,NA,NA,NA,23.5,23,NA,NA,NA,NA,NA,NA,38.98809523809524,NA,NA,NA,31.5,NA,NA,NA,NA,35,NA,12.444444444444443,27.522452765076352,NA,26
1603,NA,NA,NA,NA,20.75,13,NA,NA,NA,NA,NA,35.33333333333333,26.988095238095237,NA,NA,NA,31,NA,NA,NA,NA,31,NA,4.62037037037037,17.639024390243904,24,22
1604,NA,NA,NA,NA,NA,20,NA,NA,NA,NA,NA,19.333333333333332,40.98809523809524,10.84,NA,NA,37.5,NA,NA,NA,NA,35,NA,11.24074074074074,29,NA,16
1605,NA,NA,NA,NA,33.5,20,NA,NA,NA,NA,NA,39.33333333333333,41.976190476190474,16.84,NA,NA,40,NA,NA,NA,NA,NA,NA,15.268518518518519,26.76878612716763,NA,20
1606,NA,NA,NA,NA,45.5,36,NA,NA,NA,NA,NA,NA,54.48809523809524,NA,NA,NA,46,NA,NA,NA,NA,28,NA,15.63425925925926,49.639024390243904,NA,39
1607,NA,NA,NA,NA,29.5,24,NA,NA,NA,NA,NA,NA,38.98809523809524,NA,NA,NA,34,NA,NA,NA,NA,33,NA,0.6868908382066277,34.52245276507635,39,20
1608,NA,NA,NA,NA,41.5,31,NA,NA,NA,NA,NA,NA,54.98809523809524,16.17,NA,NA,45,NA,NA,NA,NA,40,NA,16.12037037037037,43.639024390243904,NA,18
1609,NA,NA,NA,NA,21.5,28,NA,NA,NA,NA,NA,18.333333333333332,43.98809523809524,23,NA,NA,49,NA,NA,NA,NA,46,NA,14.105263157894736,38.639024390243904,41,17
1610,NA,NA,NA,NA,27.25,20,NA,NA,NA,NA,NA,NA,35.976190476190474,13.92,NA,NA,34,NA,NA,NA,NA,35,NA,12.552631578947368,22.639024390243904,34,-1
1611,NA,NA,NA,NA,19,14,NA,NA,NA,45,NA,NA,31.988095238095237,NA,NA,NA,30,NA,NA,NA,NA,37,NA,11.24074074074074,19.639024390243904,NA,40
1612,NA,NA,NA,NA,32,31,NA,NA,31,50,38,31.333333333333332,48.48809523809524,12.84,NA,NA,41,NA,NA,NA,NA,40,NA,18.24074074074074,36.76878612716763,NA,32
1613,NA,NA,NA,NA,34,25,NA,NA,NA,NA,NA,22.166666666666664,43.48809523809524,19.81,NA,NA,47,NA,NA,NA,NA,38,NA,18.4296875,38.639024390243904,40,31
1614,NA,NA,NA,NA,NA,36,NA,NA,NA,55,NA,26.166666666666664,61.48809523809524,27.31,NA,NA,50,NA,NA,NA,NA,30,NA,18.859375,43.639024390243904,NA,36
1615,NA,NA,NA,NA,27.5,22,NA,NA,NA,31,NA,27.333333333333332,32.976190476190474,16,NA,NA,42,NA,NA,NA,NA,22,NA,13.607142857142856,28.022452765076352,35,28
1616,NA,NA,NA,NA,29.5,12,NA,NA,NA,17,NA,NA,18.488095238095237,9.92,NA,NA,40,NA,NA,NA,NA,24,NA,5.076923076923077,16.639024390243904,NA,8
1617,NA,NA,NA,NA,24.5,33,NA,NA,NA,NA,NA,33.33333333333333,48.48809523809524,15.84,NA,NA,46,NA,NA,NA,NA,42,NA,14.62037037037037,54.276119402985074,40,22
1618,NA,NA,NA,NA,36,36,NA,NA,NA,53,NA,30.666666666666664,54.976190476190474,24.84,NA,NA,NA,NA,NA,NA,NA,38,NA,23.24074074074074,46.639024390243904,42,18
1619,NA,NA,NA,NA,NA,26,NA,NA,NA,NA,35,23.333333333333332,45.976190476190474,13.84,NA,NA,44,NA,NA,NA,NA,42,NA,11.57142857142857,29.638059701492537,36,23
1620,NA,NA,NA,NA,38,28,NA,NA,NA,50,38,NA,44,16.88,NA,NA,42,NA,NA,NA,NA,39,NA,17.25,42,35,25
1621,NA,NA,NA,NA,45,46,NA,NA,NA,53,53,NA,63.976190476190474,22.02,NA,NA,55.5,NA,NA,NA,NA,49,NA,24.576252723311548,63.45757189661449,38,21
1622,NA,NA,NA,NA,NA,24,NA,NA,NA,41,33,NA,44.976190476190474,NA,NA,NA,50,NA,NA,NA,NA,26,NA,15.12037037037037,40.95757189661449,31,14
1623,NA,NA,NA,NA,25,15,NA,NA,NA,37,32,NA,38.98809523809524,20.11,NA,NA,46,43,NA,NA,NA,39,NA,16.955882352941178,34.45757189661449,27,-1
1624,NA,NA,NA,NA,NA,14,NA,NA,NA,35,16,16,29.488095238095237,15.45,NA,NA,37,NA,NA,NA,NA,30,NA,14.090141612200437,23.639024390243904,29,0
1625,NA,NA,NA,NA,NA,33,NA,NA,NA,NA,41,NA,49.976190476190474,22.29,NA,NA,43,NA,NA,NA,NA,38,NA,19.911764705882355,40.639024390243904,NA,26
1626,NA,NA,NA,NA,39.5,27,NA,NA,NA,43,42,NA,42.98809523809524,19.87,NA,NA,NA,NA,NA,NA,NA,49,NA,14.24074074074074,32.639024390243904,52,8
1627,NA,NA,NA,NA,NA,44,NA,NA,NA,58,51,NA,68.98809523809524,33.5,NA,NA,56,54,NA,NA,NA,49,NA,31.03846153846154,51.639024390243904,NA,16
1628,NA,NA,NA,NA,NA,44.1764705882353,NA,NA,NA,61,24,NA,63.98809523809524,31.62,NA,NA,42.5,55,NA,NA,NA,39,NA,32.24074074074074,68.4575718966145,53,8
1629,NA,NA,NA,NA,30,27,NA,NA,NA,29,31,NA,NA,30.29,NA,NA,45,NA,NA,NA,NA,52,NA,20.24074074074074,21.639024390243904,40,4
1630,NA,NA,NA,NA,NA,20,NA,NA,NA,35,NA,NA,34,22.12,NA,NA,37,NA,NA,NA,NA,NA,NA,17.076923076923077,30.639024390243904,NA,43
1631,NA,NA,NA,NA,NA,20,NA,NA,NA,37,NA,NA,38.98809523809524,17.5,NA,NA,39,NA,NA,NA,NA,NA,NA,13.038461538461538,26.703905258705767,29,NA
1632,NA,NA,NA,NA,NA,34,NA,NA,NA,53,NA,NA,49,31.17,NA,NA,48,NA,NA,NA,NA,NA,NA,21.12037037037037,48.639024390243904,NA,NA
1633,NA,NA,NA,NA,36.5,37,NA,NA,38,NA,NA,NA,52.48809523809524,26.79,NA,NA,54,NA,NA,NA,NA,56,NA,19.62037037037037,40.70390525870577,47,NA
1634,NA,NA,NA,NA,NA,33,NA,NA,NA,54,NA,NA,NA,22.74,NA,NA,46,42,NA,NA,NA,39,NA,20,32.639024390243904,40,NA
1635,NA,NA,NA,NA,NA,25,NA,NA,NA,53,NA,NA,43.976190476190474,16.62,NA,NA,31,NA,NA,NA,NA,31,NA,14.959514170040485,35.639024390243904,24,NA
1636,NA,NA,NA,NA,NA,4,NA,NA,NA,34,NA,NA,NA,15.29,NA,NA,43,NA,NA,NA,NA,31,NA,11.12037037037037,24.276119402985074,NA,NA
1637,NA,NA,NA,NA,NA,3,NA,NA,NA,26,9,NA,NA,11.84,NA,NA,21,NA,NA,NA,NA,35,NA,3.0384615384615383,27.522452765076352,NA,NA
1638,NA,NA,NA,NA,NA,10,NA,NA,NA,NA,NA,NA,19.988095238095237,17.79,NA,NA,38,NA,NA,NA,NA,43,NA,6,29.639024390243904,NA,NA
1639,NA,NA,NA,NA,NA,20,NA,NA,NA,NA,NA,NA,44.976190476190474,16.84,NA,NA,34.5,NA,NA,NA,NA,35,NA,15,35.639024390243904,NA,NA
1640,NA,NA,NA,NA,34.5,31,NA,NA,36,NA,NA,NA,53.976190476190474,18.29,NA,NA,46,NA,NA,NA,NA,45,NA,13,37.70390525870577,NA,NA
1641,NA,NA,NA,NA,NA,33,NA,NA,37.5,45,NA,NA,48.98809523809524,21.84,NA,NA,51,55,NA,NA,NA,37,NA,18.210526315789473,42.76878612716763,42,NA
1642,NA,NA,NA,NA,NA,33,NA,NA,50,NA,NA,NA,49.48809523809524,31.84,NA,NA,54.5,NA,NA,NA,NA,38,NA,32,46.639024390243904,46,NA
1643,NA,NA,NA,NA,NA,31,NA,NA,NA,45,NA,NA,53,24.79,NA,NA,49.5,NA,NA,NA,NA,40,NA,19,48.54173441734417,NA,NA
1644,NA,NA,NA,NA,NA,15,NA,NA,NA,55,NA,18,27,20.42,NA,NA,43.5,55,NA,NA,NA,40,NA,18.227777777777778,30.022452765076352,NA,NA
1645,NA,NA,NA,NA,NA,11,NA,NA,26,36,NA,NA,35,15.74,NA,NA,NA,NA,NA,NA,NA,41,NA,8.210526315789474,29.541734417344173,NA,NA
1646,NA,NA,NA,NA,NA,17,NA,NA,32,40,NA,NA,40.98809523809524,14.74,NA,NA,40.5,NA,NA,NA,NA,24,NA,13,41.76878612716763,27,NA
1647,NA,NA,NA,NA,NA,18,NA,NA,NA,45,30,NA,40,19.29,NA,NA,44,NA,NA,NA,NA,37,NA,16.13425925925926,41.45757189661449,34,NA
1648,NA,NA,NA,NA,25,31,NA,NA,NA,47,38,NA,45,27.79,NA,NA,42.5,NA,NA,NA,NA,44,NA,23.748987854251013,45.52245276507635,NA,NA
1649,NA,NA,NA,NA,NA,38,NA,NA,44,46,NA,NA,52.98809523809524,29.79,NA,NA,50,NA,NA,NA,NA,38,NA,22.210526315789473,55.44444444444444,44,NA
1650,NA,NA,NA,NA,36.5,NA,NA,NA,42,41,NA,NA,48.3187134502924,19.74,NA,NA,36,40,NA,NA,NA,36,NA,15.710526315789474,49.52245276507635,30,NA
1651,NA,NA,NA,NA,NA,22,NA,NA,23,NA,NA,24,39.48809523809524,15.29,NA,NA,39,NA,NA,NA,NA,32,NA,5.210526315789474,33.45757189661449,NA,NA
1652,NA,NA,NA,NA,NA,20,NA,NA,44,36,NA,NA,43.48809523809524,24.74,NA,NA,NA,NA,NA,NA,NA,37,NA,20,37.639024390243904,46,NA
1653,NA,NA,NA,NA,25.5,11,NA,NA,31,NA,43,NA,32.976190476190474,21.84,NA,NA,31.5,NA,NA,NA,NA,33,NA,13,31.639024390243904,22,NA
1654,NA,NA,NA,NA,NA,32,NA,NA,37,47,45,NA,48.6374269005848,25.92,NA,NA,50,NA,NA,NA,NA,44,NA,16.210526315789473,47.76878612716763,NA,NA
1655,NA,NA,NA,NA,NA,23,NA,NA,NA,13,34,NA,39.98809523809524,16.29,NA,NA,NA,NA,NA,NA,NA,38,NA,20.227777777777778,38.76878612716763,NA,NA
1656,NA,NA,NA,NA,NA,26,NA,NA,31,47,32,27,44.80680868838763,NA,NA,NA,39,NA,NA,NA,NA,41,NA,14.4296875,38.384393063583815,NA,NA
1657,NA,NA,NA,NA,NA,22,NA,NA,NA,36,24,NA,NA,25.4,NA,NA,46,NA,NA,NA,NA,35,NA,15,33.76878612716763,NA,NA
1658,NA,NA,NA,NA,NA,29,NA,NA,25,NA,37,37,44,29.95,NA,NA,40,NA,NA,NA,NA,48,NA,NA,43.95757189661449,NA,NA
1659,NA,NA,NA,NA,NA,10,NA,NA,23,NA,NA,15,28.488095238095237,15,NA,NA,36,NA,NA,NA,NA,38,NA,5.140213815789474,26,NA,NA
1660,NA,NA,NA,NA,NA,8,NA,NA,26,NA,NA,NA,28.6374269005848,14.53,NA,NA,30,NA,NA,NA,NA,34,NA,NA,26.203905258705767,23,NA
1661,NA,NA,NA,NA,NA,12,NA,NA,NA,34,NA,26,27.988095238095237,21.92,NA,NA,33,NA,NA,NA,NA,42,NA,9,38.20390525870577,26,NA
1662,NA,NA,NA,NA,19.5,22,NA,NA,NA,44,NA,NA,43,21.03,NA,NA,46,NA,NA,NA,NA,39,NA,14.421052631578949,45.45757189661449,NA,NA
1663,NA,NA,NA,NA,28.5,38,NA,NA,NA,NA,NA,NA,42,31.9,NA,NA,46.5,NA,NA,NA,NA,45,NA,25.455555555555556,50.20390525870577,NA,NA
1664,NA,NA,NA,NA,NA,19,NA,NA,NA,40,NA,NA,40,22.74,NA,NA,40,NA,NA,NA,NA,35,NA,15,37.02245276507635,NA,NA
1665,NA,NA,NA,NA,21.5,15,NA,NA,NA,37,NA,22,39,23.4,NA,NA,49,NA,NA,NA,NA,NA,NA,NA,34.276119402985074,NA,NA
1666,NA,NA,NA,NA,12.75,10,NA,NA,NA,45,NA,NA,30.8187134502924,24.79,NA,NA,34,NA,NA,NA,NA,NA,NA,17.03333333333333,36.76878612716763,31,NA
1667,NA,NA,NA,NA,NA,28,NA,NA,43,30,33,33,48.6374269005848,34.05,NA,NA,54,NA,NA,NA,NA,NA,NA,25.666666666666668,51.384393063583815,38,NA
1668,NA,NA,NA,NA,NA,19,NA,NA,41,39,NA,NA,42.80680868838763,20.92,NA,NA,38,NA,NA,NA,NA,NA,NA,15.533333333333333,34.639024390243904,27,NA
1669,NA,NA,NA,NA,NA,13,NA,NA,NA,33,NA,19,26.976190476190474,20.37,NA,NA,40,NA,NA,NA,NA,33,NA,16.455555555555556,37.76878612716763,NA,NA
1670,NA,NA,NA,NA,NA,22,NA,NA,33,33,NA,NA,38.30680868838763,17.05,NA,NA,37,NA,NA,NA,NA,41,NA,13,42.36028192371476,NA,NA
1671,NA,NA,NA,NA,NA,16,NA,NA,NA,33,NA,NA,32.6374269005848,24.53,NA,NA,49,NA,NA,NA,NA,36,NA,17.227777777777778,38.70390525870577,24,NA
1672,NA,NA,NA,NA,NA,28,NA,NA,40,45,NA,NA,48.6374269005848,25.37,NA,NA,47,NA,NA,NA,NA,33,NA,21.7,39.76878612716763,NA,NA
1673,NA,NA,NA,NA,NA,35,NA,NA,49,NA,40,34,65.80680868838763,36.84,NA,NA,53,NA,NA,NA,NA,44,NA,31.2,56.639024390243904,NA,NA
1674,NA,NA,NA,NA,NA,20,NA,NA,NA,NA,33,31,40.976190476190474,24.84,NA,NA,44,NA,NA,NA,NA,40,NA,20,47.76878612716763,39,NA
1675,NA,NA,NA,NA,60,44,NA,NA,58.5,57,55,53,70,41.74,NA,NA,NA,NA,NA,NA,NA,56,NA,41,64.20390525870576,55,NA
1676,NA,NA,NA,NA,NA,10,NA,NA,23,26,18,7,25.3187134502924,26.92,NA,NA,42,NA,NA,NA,NA,35,NA,23.4,28.276119402985074,NA,NA
1677,NA,NA,NA,NA,NA,27,NA,NA,31,43,30,30,44.6374269005848,24.84,NA,NA,41,NA,NA,NA,NA,38,NA,24.927777777777777,47.76878612716763,40,NA
1678,NA,NA,NA,NA,NA,20,NA,NA,32,NA,29,NA,37.6374269005848,29.95,NA,NA,40,NA,NA,NA,NA,54,NA,23.198529411764703,36.884393063583815,NA,NA
1679,NA,NA,NA,NA,NA,26,NA,NA,30,37,32,34,41.6374269005848,27.45,NA,NA,46,NA,NA,NA,NA,43,NA,26,34.276119402985074,NA,NA
1680,NA,NA,NA,NA,NA,10,NA,NA,28,35,23,14,30.6374269005848,22.84,NA,NA,37,NA,NA,NA,NA,46,NA,17.926307189542484,40.76878612716763,34,NA
1681,NA,NA,NA,NA,NA,9,NA,NA,NA,38,29,20,28.988095238095237,22.05,NA,NA,43,NA,NA,NA,NA,37,NA,18.1,38.76878612716763,NA,NA
1682,NA,NA,NA,NA,NA,28,NA,NA,NA,44,NA,NA,50.976190476190474,30.31,NA,NA,43,NA,NA,NA,NA,44,NA,25.455555555555556,57.639024390243904,NA,NA
1683,NA,NA,NA,NA,NA,13,NA,NA,36,35,NA,20,36,23.45,NA,NA,34,NA,NA,NA,NA,37,NA,22.455555555555556,41.54173441734417,NA,NA
1684,NA,NA,NA,NA,NA,4,NA,NA,NA,23,NA,16,22.988095238095237,23.45,NA,NA,28.5,NA,NA,NA,NA,45,NA,19.911764705882355,27.76878612716763,NA,NA
1685,NA,NA,NA,NA,NA,12,NA,NA,NA,46,NA,22,35,21.79,NA,NA,39,NA,NA,NA,NA,40,NA,19.683660130718955,45.02245276507635,NA,NA
1686,NA,NA,NA,NA,NA,4,NA,NA,29,26,NA,NA,20.976190476190474,24.62,NA,NA,28,NA,NA,NA,NA,35,NA,18.955882352941178,33.52245276507635,NA,NA
1687,NA,NA,NA,NA,NA,29,NA,NA,NA,42,NA,NA,45,35.84,NA,NA,48,NA,NA,NA,NA,40,NA,25,41.63805970149254,NA,NA
1688,NA,NA,NA,NA,NA,27,NA,NA,NA,39,NA,26,43.48809523809524,36.05,NA,NA,41,NA,NA,NA,NA,51,NA,31.683660130718955,45.72222222222222,NA,NA
1689,NA,NA,NA,NA,NA,29.384444444444444,NA,NA,NA,NA,NA,30,43.98809523809524,30.41,NA,NA,43,NA,NA,NA,NA,36,NA,26,50.639024390243904,NA,NA
1690,NA,NA,NA,NA,NA,13.884444444444444,NA,NA,NA,44,NA,25,49,28.95,NA,NA,47.5,46,NA,NA,NA,52,NA,32.05588235294118,46.72222222222222,NA,NA
1691,NA,NA,NA,NA,21,24.384444444444444,NA,NA,43,42,NA,20,38.98809523809524,23.84,NA,NA,34,NA,NA,NA,NA,38,NA,21.911764705882355,42.106615285806036,NA,NA
1692,NA,NA,NA,NA,NA,35.38444444444444,NA,NA,NA,48,NA,47,59,33.84,NA,NA,51,57,NA,NA,NA,44,NA,29.183660130718955,66.22222222222223,NA,NA
1693,NA,NA,NA,NA,NA,29.384444444444444,NA,NA,NA,38,NA,29,42,NA,NA,NA,52.5,NA,NA,NA,NA,57,NA,26.455555555555556,42.31951219512195,NA,NA
1694,NA,NA,NA,NA,NA,26.384444444444444,NA,NA,NA,38,NA,47,33.98809523809524,24.74,NA,NA,41,NA,NA,NA,NA,43,NA,19.438304093567254,41,NA,NA
1695,NA,NA,NA,NA,NA,22.384444444444444,NA,NA,NA,46,NA,46,53.48809523809524,36.79,NA,NA,52.5,55,NA,NA,NA,51,NA,30.911764705882355,60.86028192371476,NA,NA
1696,NA,NA,NA,NA,34.5,16.884444444444444,NA,NA,NA,43,NA,39,44.48809523809524,28.84,NA,NA,58,NA,NA,NA,NA,41,NA,25.198529411764703,47.276119402985074,NA,NA
1697,NA,NA,NA,NA,19.5,26.384444444444444,NA,NA,NA,38,NA,NA,39.98809523809524,26.79,NA,NA,51,NA,NA,NA,NA,55,NA,24.455555555555556,45.13805970149254,NA,NA
1698,NA,NA,NA,NA,46.5,38.88444444444444,NA,NA,NA,25,NA,49,62.48809523809524,42.74,NA,NA,61.5,NA,NA,NA,NA,52,NA,38,67.6390243902439,NA,NA
1699,NA,NA,NA,NA,25.5,17.384444444444444,NA,NA,NA,44,NA,27,47.48809523809524,33.84,NA,NA,43.5,NA,NA,NA,NA,34,NA,29.455882352941178,47.36028192371476,NA,NA
1700,42.890625,NA,NA,NA,NA,31.591419816138917,NA,NA,NA,41,NA,42,54.6374269005848,32,NA,NA,54,42,NA,NA,NA,49,NA,30.455882352941178,58,NA,NA
1701,35.890625,NA,NA,NA,NA,25.636363636363637,NA,NA,NA,40,NA,32,43,44.84,NA,NA,47,NA,NA,NA,NA,54,NA,34,50.31951219512195,NA,NA
1702,45.028985507246375,NA,NA,NA,NA,19.636363636363637,NA,NA,NA,43,NA,34,55.48809523809524,38.02,NA,NA,48,48,NA,NA,NA,48,NA,29.455555555555556,57,NA,NA
1703,49.4453125,NA,NA,NA,NA,25.591419816138917,NA,NA,40,42,NA,42,45.98809523809524,28.84,NA,NA,38,47,NA,NA,NA,41,NA,27,57.44444444444444,NA,NA
1704,30.4453125,NA,NA,NA,NA,15,NA,NA,NA,30,NA,22,32,22.31,NA,NA,36,NA,NA,NA,NA,NA,NA,22,34.22222222222222,NA,NA
1705,46.9453125,NA,NA,NA,NA,28.591419816138917,NA,NA,NA,49,NA,35,46.976190476190474,33.84,NA,NA,49,NA,NA,NA,NA,NA,NA,31.727777777777778,55.13805970149254,NA,NA
1706,38.69565217391305,NA,NA,NA,NA,7.020808080808081,NA,NA,NA,40,NA,22,23.988095238095237,18.29,NA,NA,29,42,NA,NA,NA,NA,NA,18,37.639024390243904,NA,NA
1707,44,NA,NA,NA,NA,22.591419816138917,NA,NA,NA,40,NA,30,42,39.2,NA,NA,36.5,47,NA,NA,NA,NA,NA,28,50.106615285806036,NA,NA
1708,32,NA,NA,NA,NA,24.636363636363637,NA,NA,NA,39,NA,34,41.6374269005848,29.87,NA,NA,42.5,NA,NA,NA,NA,NA,NA,28,45.36028192371476,NA,NA
1709,29.890625,NA,NA,NA,NA,31.591419816138917,NA,NA,NA,37,NA,NA,38.6374269005848,36.62,NA,NA,44,NA,NA,NA,NA,NA,NA,31,48,NA,NA
1710,37.9453125,NA,NA,NA,NA,20.636363636363637,NA,NA,NA,36,NA,31,37.30680868838763,26.87,NA,NA,34,NA,NA,NA,NA,NA,NA,18.510204081632654,43.13805970149254,NA,NA
1711,39.4453125,NA,NA,NA,NA,26.636363636363637,NA,NA,NA,32,NA,31.02857142857143,44.6374269005848,33.74,NA,NA,48.5,NA,NA,NA,NA,43,NA,20.727777777777778,56,NA,NA
1712,37.9453125,NA,NA,NA,NA,28.136363636363637,NA,NA,NA,30,NA,NA,42,32.53,NA,NA,41,NA,NA,NA,NA,44,NA,18.727777777777778,47.639024390243904,NA,NA
1713,44.890625,NA,NA,NA,NA,34.52080808080808,NA,NA,NA,47,NA,42,50,38.77,NA,NA,40.5,NA,NA,NA,54.5,52,NA,32,59.76878612716763,NA,NA
1714,47.890625,NA,NA,NA,NA,29.591419816138917,NA,NA,NA,42,NA,27,47.98809523809524,38.74,NA,NA,54,NA,NA,NA,50,58,NA,29.727777777777778,57.76878612716763,42,NA
1715,36.4453125,NA,NA,NA,NA,27.636363636363637,NA,NA,NA,38,NA,35,41,28.9,NA,NA,37,NA,NA,NA,43,NA,NA,21.727777777777778,44.13805970149254,NA,NA
1716,44.890625,NA,NA,NA,NA,32.02080808080808,NA,NA,NA,54,NA,NA,48.6374269005848,38.79,NA,NA,47,49,NA,NA,55,36,NA,33.727777777777774,62,NA,NA
1717,42,NA,NA,NA,NA,25.02080808080808,NA,NA,NA,32,NA,33,40.48809523809524,34.81,NA,NA,48,48,NA,NA,39,37,NA,27.727777777777778,51,NA,NA
1718,21,NA,NA,NA,NA,3.339500624219726,NA,NA,NA,22,NA,15,17.988095238095237,19,NA,NA,26,36,NA,NA,20,23,NA,10.727777777777778,36.384393063583815,NA,NA
1719,40.69565217391305,NA,NA,NA,NA,-0.47919191919191917,NA,NA,NA,29,NA,12,12.988095238095237,21.03,NA,NA,29,46,NA,NA,33,30,NA,16.248987854251013,49,NA,NA
1720,40.69565217391305,NA,NA,NA,NA,28.272727272727273,NA,NA,NA,33,NA,29,41.98809523809524,43.9,NA,NA,33.5,NA,NA,NA,52,45,NA,32,56.52245276507635,NA,NA
1721,44.4453125,NA,NA,NA,NA,32.02080808080808,NA,NA,NA,40,NA,31,45,45.44,NA,NA,50,35,NA,NA,50.5,45,NA,30.988529411764702,60.70390525870577,45,NA
1722,37,NA,NA,NA,NA,23.272727272727273,NA,NA,NA,38,NA,29.52857142857143,36.6374269005848,32.4,NA,NA,37,39,NA,NA,40,36,NA,27.580000000000002,45.22222222222222,NA,NA
1723,38.4453125,NA,NA,NA,NA,17.636363636363637,NA,NA,NA,39,NA,11.528571428571428,35.976190476190474,30.84,NA,NA,41,NA,NA,NA,48,34,NA,27.580000000000002,46,NA,NA
1724,39.69565217391305,NA,NA,NA,NA,22.35294117647059,NA,NA,NA,30,NA,15.528571428571428,34.6374269005848,17.03,NA,NA,25,38,NA,NA,44.5,29,NA,19.51777777777778,47.76878612716763,NA,NA
1725,53.9453125,NA,NA,NA,NA,42.02080808080808,NA,NA,NA,57,NA,51.528571428571425,54.98809523809524,41.79,NA,NA,48,NA,NA,NA,56,49,NA,32,64.76878612716763,NA,NA
1726,32,NA,NA,NA,NA,11.055555555555554,NA,NA,NA,48,NA,6.0285714285714285,22.488095238095237,24.05,NA,NA,37,37,NA,NA,34,41,NA,30.041666666666664,32,NA,NA
1727,35,NA,NA,NA,NA,11.272727272727273,NA,NA,25,25,NA,11.028571428571428,24.988095238095237,23.53,NA,NA,36,45,NA,NA,33,41,NA,18.79,47,NA,NA
1728,40,NA,NA,NA,NA,15.272727272727273,NA,NA,30,30,NA,17.02857142857143,27,22.05,NA,NA,30.5,NA,NA,NA,35.5,41,NA,16.926307189542484,46.76878612716763,NA,NA
1729,35.890625,NA,NA,NA,NA,31.591419816138917,NA,NA,NA,40,NA,31.02857142857143,41.976190476190474,36.79,NA,NA,36,47,NA,NA,45,44,NA,28.496148459383754,46.276119402985074,NA,NA
1730,45.890625,NA,NA,NA,NA,29.272727272727273,NA,NA,NA,44,NA,35.528571428571425,48.48809523809524,35.4,NA,NA,46,NA,NA,NA,50,44,NA,26.198529411764703,55.44444444444444,NA,NA
1731,46.9453125,NA,NA,NA,NA,22.055555555555554,NA,NA,NA,40,NA,17.02857142857143,35.48809523809524,41.05,NA,NA,45,NA,NA,NA,43,43,NA,28.076923076923077,52.76878612716763,NA,NA
1732,36.9453125,NA,NA,NA,NA,20.591419816138917,NA,NA,NA,44,NA,27.02857142857143,40,42.92,NA,NA,44.5,NA,NA,NA,48.5,52,NA,29.580000000000002,50.276119402985074,NA,NA
1733,43.4453125,NA,NA,NA,22,28,NA,NA,NA,31,NA,19.02857142857143,41.976190476190474,34.05,NA,NA,45.5,45,NA,NA,49.5,43,NA,30.625,50.63805970149254,NA,NA
1734,37.69565217391305,NA,NA,NA,NA,17.35294117647059,NA,NA,NA,39,NA,16.52857142857143,31,13.84,NA,NA,29.5,34,NA,NA,NA,33,NA,13.595238095238095,47.276119402985074,NA,NA
1735,47.890625,NA,NA,NA,42,39.05555555555556,NA,NA,NA,41,NA,40.528571428571425,49,39.03,NA,NA,48,46,NA,NA,52,53,NA,33.041666666666664,54.639024390243904,NA,NA
1736,41.69565217391305,NA,NA,NA,18,20.055555555555554,NA,NA,NA,34,NA,26.52857142857143,33,33,NA,NA,48.5,46,NA,NA,43,43,NA,23.041666666666664,49.639024390243904,NA,NA
1737,34.69565217391305,NA,NA,NA,15,19.35294117647059,NA,NA,NA,36,NA,20.02857142857143,32.98809523809524,27.05,NA,NA,44,51,NA,NA,40.5,51,NA,23.041666666666664,45.72222222222222,NA,NA
1738,35,NA,NA,NA,30,31.272727272727273,NA,NA,NA,37,NA,31.52857142857143,40.98809523809524,39.79,NA,NA,50,32,NA,NA,48,42,NA,30.125,44,NA,NA
1739,33.69565217391305,NA,NA,NA,NA,26.204248366013072,NA,NA,NA,36,NA,30,43.98809523809524,25.92,NA,NA,40,NA,NA,NA,40,55,NA,29.047619047619047,46.22222222222222,35,NA
1740,49,NA,NA,NA,NA,49.13636363636364,NA,NA,NA,44,NA,43.729729729729726,52.98809523809524,43.15,NA,NA,60,NA,NA,NA,54,NA,NA,40.6985294117647,65.22222222222223,NA,NA
1741,45.9453125,NA,NA,NA,14,27.272727272727273,NA,NA,26,44,NA,22.346153846153847,37.80680868838763,25.15,NA,NA,35,48,NA,NA,46.5,33,NA,NA,51.276119402985074,NA,NA
1742,52.9453125,NA,NA,NA,NA,33.02080808080808,NA,NA,NA,49,NA,30.346153846153847,49.48809523809524,33.2,NA,NA,40,NA,NA,NA,38,NA,NA,27.339285714285715,61.45757189661449,NA,NA
1743,45.4453125,NA,NA,NA,NA,27.02080808080808,NA,NA,NA,40,NA,31.846153846153847,42.6374269005848,47.15,NA,NA,54,51,NA,NA,49.5,49,NA,35.64285714285714,61.639024390243904,44,NA
1744,47.4453125,NA,NA,NA,NA,32.02080808080808,NA,NA,39,40,NA,32.45945945945946,47,39.41,NA,NA,53.5,45,NA,NA,50.5,NA,NA,35.9485294117647,51.22222222222222,NA,NA
1745,47.890625,NA,NA,NA,NA,30.136363636363637,NA,NA,NA,30,NA,40.34615384615385,40.6374269005848,34.4,NA,NA,46,48,NA,NA,45,38,NA,22.39705882352941,55.53181818181818,NA,NA
1746,NA,NA,NA,NA,30,27.884444444444444,NA,NA,NA,37,NA,28,35,39.57,NA,NA,49,46,NA,NA,43,48,NA,33,45.83536585365854,NA,NA
1747,42.4453125,NA,NA,NA,26,33.339500624219724,NA,NA,NA,35,NA,29.692307692307693,43.3187134502924,41.08,NA,NA,44,46,NA,NA,45,59,NA,24,45.33536585365854,NA,NA
1748,37.9453125,NA,NA,NA,NA,27.02080808080808,NA,NA,34,33,NA,27.45945945945946,42.8187134502924,40.15,NA,NA,46,47,NA,NA,45.5,40,NA,29.25,51.95757189661449,44,NA
1749,40.4453125,NA,NA,NA,31,30.339500624219724,NA,NA,NA,40,NA,24.692307692307693,38.8187134502924,39.15,NA,NA,53,NA,NA,NA,46.5,47,NA,35,49.72222222222222,NA,NA
1750,44,NA,NA,NA,25,25.52080808080808,NA,NA,NA,39,NA,25.45945945945946,38.976190476190474,37,NA,NA,49,46,NA,NA,46.5,44,NA,26.5,49,NA,NA
1751,50.9453125,NA,43,NA,36,37.02080808080808,NA,NA,NA,46,NA,38,56.30680868838763,36.07,NA,NA,51.5,51,NA,NA,51.5,44,NA,30,58.639024390243904,41,NA
1752,48.9453125,NA,39,NA,33.5,30.02080808080808,NA,NA,NA,43,NA,32.45945945945946,52.6374269005848,34.61,NA,NA,49,48,45,NA,45,37,NA,28,55.44444444444444,NA,NA
1753,40,NA,33,NA,27.75,21.02080808080808,NA,NA,NA,38,NA,21.45945945945946,36.976190476190474,32.2,NA,NA,45,47,36,NA,49.5,33,NA,30,49,NA,NA
1754,47,NA,44,NA,43.375,32.02080808080808,NA,NA,NA,40,NA,34.45945945945946,45.6374269005848,31.08,NA,NA,44,51,46,NA,48.5,40,NA,29,52.22222222222222,43,NA
1755,37.9453125,NA,24,NA,25.75,18.02080808080808,NA,NA,NA,36,NA,15.692307692307693,34.976190476190474,33.57,NA,NA,47,45,38,NA,48,45,NA,28,51.106615285806036,NA,NA
1756,48.9453125,NA,43,NA,37,35.339500624219724,NA,NA,38,41,NA,38.45945945945946,50,39.1,NA,NA,49.5,51,53,NA,46,54,NA,34,58.22222222222222,NA,NA
1757,45.890625,NA,33,NA,31,27.384444444444444,NA,NA,NA,35,NA,30.45945945945946,37,34.22,NA,NA,47,47,33,NA,44.5,43,NA,31.555555555555554,52.76878612716763,NA,NA
1758,48,NA,27,NA,39,26.339500624219724,NA,NA,NA,42,NA,22.45945945945946,32,42.47,NA,NA,50.5,51,37,NA,44.5,49,NA,32.13425925925926,55.639024390243904,NA,NA
1759,38.325312499999995,NA,31,NA,23,25.339500624219724,NA,NA,NA,36,NA,24,38,34.2,NA,NA,46.5,NA,36,NA,39.5,NA,NA,31.755102040816325,38.63805970149254,NA,NA
1760,38.76,NA,29,NA,20,17.02080808080808,NA,NA,NA,34,NA,23.72972972972973,28.976190476190474,34.25,NA,NA,38.5,47,34,NA,40.5,48,36,29,38.639024390243904,NA,NA
1761,37.379999999999995,NA,28,NA,20,16.02080808080808,NA,NA,NA,32,NA,23,34.976190476190474,38.11,NA,NA,47.5,49,35,NA,46,42,24,29.698529411764703,39.639024390243904,NA,NA
1762,32.879999999999995,NA,20,NA,18,17.02080808080808,NA,NA,NA,30,NA,13,30.306808688387637,36.41,NA,NA,41,36,33,NA,NA,35,30,27.57142857142857,38,NA,NA
1763,45.825312499999995,NA,37,NA,34,37.02080808080808,NA,NA,NA,47,NA,37.45945945945946,47,34.41,NA,NA,47,49,47,NA,45,48,NA,29.255102040816325,56.22222222222222,NA,NA
1764,38.379999999999995,NA,33,NA,24,14.02080808080808,NA,NA,27,35,NA,28.45945945945946,30.988095238095237,34.15,NA,NA,45,39,33,NA,43.5,29,24,29.510204081632654,48,NA,NA
1765,45.76,NA,37,NA,32,25.591419816138917,NA,NA,40,42,NA,23,47.76923076923077,39.04,NA,NA,51,51,46,NA,49,44,46,31,53.45757189661449,NA,NA
1766,45.879999999999995,NA,43,NA,35,28.636363636363637,NA,NA,39,39,NA,33.45945945945946,36.98809523809524,37.28,NA,NA,45,45,43,NA,42,42,37,29.57142857142857,47.639024390243904,NA,NA
1767,53.325312499999995,NA,56,NA,32.5,37.02080808080808,NA,NA,NA,54,NA,49,53.20332883490778,34.43,NA,NA,49,49,NA,NA,50,35,NA,31.555555555555554,57.95757189661449,NA,NA
1768,45.890625,NA,3,NA,27,29.02080808080808,NA,NA,NA,45,NA,35,46.80680868838763,37.6,NA,NA,47,50,48,NA,45,38,NA,29.911764705882355,51.31951219512195,NA,NA
1769,41.379999999999995,NA,39,NA,28,29.02080808080808,NA,NA,NA,40,NA,22,46.98809523809524,42.2,NA,NA,46,53,44,NA,48.5,36,40,36.23366013071896,52.72222222222222,NA,NA
1770,51,NA,47,NA,42,38.52080808080808,NA,NA,NA,47.5,NA,42.45945945945946,58.70332883490778,43.1,NA,NA,59,53,50,NA,56,50,59,39.255102040816325,58.03181818181818,NA,NA
1771,42.890625,NA,39,NA,25,27.52080808080808,NA,NA,NA,39.5,NA,34.69230769230769,41.80680868838763,38.1,NA,NA,51,51,38,NA,42,42,44,35.57142857142857,44.639024390243904,NA,NA
1772,39,NA,35,NA,22,26.02080808080808,NA,NA,28,43,NA,28.692307692307693,40.87271062271062,29.41,NA,NA,49,49,43,NA,40.5,NA,43,27.64285714285714,45.72222222222222,NA,NA
1773,50.76,NA,37,NA,36.5,29.02080808080808,NA,NA,37,49,NA,41,48.80680868838763,43.1,NA,NA,58,51,44,NA,49.5,40,51,40.9296875,59,NA,NA
1774,41.9453125,NA,33,NA,28,24.02080808080808,NA,NA,33,39.5,NA,34.729729729729726,37.30680868838763,36.77,NA,NA,54,NA,38,NA,45,46,41,31.911764705882355,41.639024390243904,NA,NA
1775,41.76,NA,34,NA,25,27.02080808080808,NA,NA,32,41.5,NA,23.72972972972973,40.38461538461539,35.79,NA,NA,49,49,40,NA,47.5,42,40,31.019230769230766,50.639024390243904,NA,NA
1776,47,NA,44,NA,33,31.52080808080808,NA,NA,40,45.5,NA,37.45945945945946,45.976190476190474,37.48,NA,NA,52,51,46,NA,49,NA,44,30.931878306878307,47,NA,NA
1777,51.890625,NA,46,NA,38,32.52080808080808,NA,NA,43,51,NA,40.45945945945946,44.98809523809524,36.2,NA,NA,43,52,48,NA,48,NA,50,33.73366013071896,50.81951219512195,NA,NA
1778,44,NA,35,NA,29,25.35294117647059,NA,NA,31,38.5,NA,25.45945945945946,34.976190476190474,31.2,NA,NA,47,NA,39,NA,47,NA,38,27,40.276119402985074,NA,NA
1779,43.379999999999995,NA,27,NA,27,24.636363636363637,NA,NA,30,36.5,NA,24.45945945945946,26.488095238095237,34.3,NA,NA,43.5,48,37,NA,43.5,41,30,28.580000000000002,42.86028192371476,NA,NA
1780,42.379999999999995,NA,32,NA,26,20.591419816138917,NA,NA,25,39.5,NA,25,31.976190476190474,30.41,NA,NA,42,NA,NA,NA,44.5,NA,29,30.563492063492063,33.86028192371476,NA,NA
1781,33,NA,24,NA,21,12.02080808080808,NA,NA,20,29.5,NA,10,23.976190476190474,30.98,NA,NA,41.5,34,26,NA,33,NA,26,26.955882352941178,31.335365853658537,NA,NA
1782,51.76,NA,44,NA,27,32.02080808080808,NA,NA,26,45.5,NA,37,36.976190476190474,36.1,NA,NA,44,51,49,NA,49,46,54,35.005102040816325,47.973425555151074,NA,NA
1783,38,NA,29,NA,19,20.136363636363637,NA,NA,25,35.5,NA,15.22972972972973,30.976190476190474,35.08,NA,NA,51.5,46,34,NA,45,45,NA,31.019230769230766,41.276119402985074,NA,NA
1784,32.879999999999995,NA,20,NA,20,19.35294117647059,NA,NA,NA,37,NA,13,32,30.15,NA,NA,42,NA,36,NA,40,42,NA,24.510204081632654,38.22222222222222,NA,NA
1785,50.879999999999995,NA,33,NA,15,24.35294117647059,NA,NA,NA,53,NA,20.72972972972973,47,37,NA,NA,50,57,48,NA,45.5,NA,NA,36,53.63805970149254,NA,NA
1786,47.379999999999995,NA,46,NA,22,27.76888888888889,NA,NA,NA,48,NA,28.72972972972973,46,31.79,NA,NA,48,52,44,NA,44,41,41,35.5,49.31951219512195,NA,NA
1787,49.76,NA,45,NA,34,35.02080808080808,NA,NA,38,49,NA,40,49.6374269005848,39.54,NA,NA,50,45,52,NA,50,46,47,41.5,50.81951219512195,NA,NA
1788,31.759999999999998,NA,22,NA,11.5,18.636363636363637,NA,NA,NA,32.5,NA,15,29.6374269005848,27.08,NA,NA,45,46,19,NA,40.5,35,NA,23.510204081632654,32.63805970149254,NA,NA
1789,NA,NA,42,NA,37,38.13636363636364,NA,NA,36,45.5,NA,36.69230769230769,41.8187134502924,40.79,NA,NA,52,45,50,NA,47.5,43,49,37.255102040816325,52.2540404040404,NA,NA
1790,NA,NA,37,NA,23,28.76888888888889,NA,NA,NA,43.5,NA,29,37.976190476190474,40.08,NA,NA,NA,51,NA,NA,49,43,38,38.02777777777778,48.639024390243904,NA,NA
1791,NA,NA,33,NA,26,20.384444444444444,NA,NA,NA,42,NA,26.692307692307693,25.488095238095237,22.78,NA,NA,30,49,NA,NA,NA,43,26,NA,37,NA,NA
1792,NA,NA,38,NA,28,34.38444444444444,NA,NA,NA,46.5,NA,36.729729729729726,41.3187134502924,NA,NA,NA,47,34,NA,NA,NA,39,46,30.77777777777778,42.639024390243904,NA,NA
1793,NA,NA,37,NA,NA,24.52080808080808,NA,NA,NA,45.5,NA,30,39.3187134502924,38.15,NA,NA,NA,37,37,NA,NA,38,25,37.52777777777778,32.81951219512195,NA,NA
1794,NA,NA,15,NA,NA,15.591419816138918,NA,NA,NA,25.5,NA,11,22.806808688387637,28.15,NA,NA,NA,49,30,NA,NA,45,23,36.33040935672515,29.670731707317074,NA,NA
1795,NA,NA,35,NA,26.272151898734176,28.455056179775283,NA,NA,NA,46,NA,32.45945945945946,32.48809523809524,24.15,NA,NA,NA,47,43,NA,NA,43,NA,31.555555555555554,35.2540404040404,NA,NA
1796,NA,NA,40,NA,31.27215189873418,37.591419816138924,NA,NA,NA,47.5,NA,33.729729729729726,47,34.15,NA,NA,42,46,45,30,NA,41,NA,NA,47.639024390243904,NA,NA
1797,NA,NA,39,NA,29.77215189873418,41.339500624219724,NA,NA,NA,40,NA,28.692307692307693,36,29.15,NA,NA,NA,47,37,29,NA,44,35,NA,36,NA,NA
1798,NA,NA,24,NA,26.77215189873418,17.636363636363637,NA,NA,NA,40,NA,14.45945945945946,27.6374269005848,32.15,NA,NA,NA,51,30,21,NA,39,NA,NA,36.06363636363636,NA,NA
1799,NA,46.60027322404372,NA,NA,27.77215189873418,41.52080808080808,30.475225225225223,NA,NA,52,NA,44.45945945945946,57.6374269005848,44.15,NA,NA,NA,50,56,41,NA,44,NA,26.6304347826087,58,NA,NA
1800,NA,39.36617434787092,32,NA,23.778481012658226,26.76888888888889,30.166666666666668,NA,NA,33,NA,26.45945945945946,30.6374269005848,34.15,NA,NA,NA,45,35,30,NA,NA,28,18.6304347826087,32.76878612716763,NA,12
1801,NA,35.36617434787092,35,NA,14.341772151898734,29.339500624219724,21.783783783783782,NA,NA,43.5,30,28.45945945945946,37.3187134502924,NA,37.121212121212125,NA,NA,42,43,18,NA,NA,35,22.6304347826087,34.639024390243904,NA,18
1802,NA,33.132075471698116,23,NA,22,26.339500624219724,27.783783783783782,NA,NA,48,17,22.692307692307693,27.3187134502924,NA,40.121212121212125,NA,NA,41,28,18,NA,NA,27.91388888888889,26.6304347826087,31.884393063583815,NA,17
1803,49.028985507246375,NA,33,NA,25.202531645569618,30.339500624219724,20.583333333333336,NA,NA,53,25,29,26,NA,44.121212121212125,NA,NA,49,35,24,NA,NA,26.991666666666667,NA,44.503037131380424,NA,18
1804,48.028985507246375,40.60027322404372,31,NA,14.215189873417721,30.52080808080808,25.934210526315788,NA,NA,41,33,27,45.3187134502924,NA,37.121212121212125,NA,NA,47,35,33,NA,NA,24.98333333333333,32.51020408163265,40.31951219512195,NA,25
1805,58.36231884057971,51.60027322404372,51,NA,22.202531645569618,48.88444444444444,45.583333333333336,NA,NA,48,43,44.45945945945946,56.8187134502924,NA,58.121212121212125,NA,NA,54,52,45,NA,NA,53.84444444444445,43.51020408163265,55.06363636363636,NA,30
1806,39.028985507246375,45,29,NA,20.202531645569618,29.591419816138917,23.550438596491226,31.967857142857138,NA,42,28,18.692307692307693,36.8187134502924,NA,37.121212121212125,NA,NA,47,36,36,NA,NA,31.844444444444445,38.255102040816325,41.639024390243904,NA,24
1807,41.028985507246375,31.60027322404372,28,NA,11.341772151898734,25.339500624219724,22.967105263157894,NA,NA,43.5,23,21.45945945945946,20.8187134502924,NA,33.121212121212125,NA,NA,42,38,30,NA,NA,24.491666666666667,28,29.703905258705767,NA,22
1808,46.028985507246375,50.91666666666667,33,NA,13,30.02080808080808,29.975225225225223,NA,NA,44,27,23.45945945945946,39.6374269005848,NA,33.121212121212125,NA,NA,49,33,30,NA,NA,27,40,42.166146540027135,NA,18
1809,51.86231884057971,58.67213114754098,45,NA,28.744751784132916,47.339500624219724,43.96710526315789,NA,NA,48,NA,32,57.634098065677016,NA,52.121212121212125,NA,NA,53,44,46,NA,NA,46.91388888888889,48.67615467239527,60,NA,33
1810,51.028985507246375,48.252732240437155,38,NA,19.331171537219348,33.02080808080808,33.583333333333336,NA,NA,49,26,31.45945945945946,38,NA,45.121212121212125,NA,NA,52,50,31,NA,NA,36.84444444444445,32.51020408163265,46.51872142179277,NA,21
1811,34.028985507246375,24.132075471698116,19,NA,13.215189873417721,15.52080808080808,11.550438596491228,NA,NA,33,22,16,17.630769230769232,NA,29.12121212121212,NA,NA,32,19,23,NA,NA,25.98333333333333,20.510204081632654,32.356550580431175,NA,28
1812,52.028985507246375,53.67213114754098,45,NA,21.341772151898734,40.02080808080808,37.16666666666667,NA,NA,57,49,35.45945945945946,46.63076923076923,NA,51.121212121212125,NA,NA,52,47,42,NA,NA,38.41388888888889,36.6304347826087,53.916211245401996,NA,35
1813,49.028985507246375,53.06603773584906,44,NA,34.21518987341772,42.339500624219724,42.39189189189189,NA,NA,56,48,34.3433660933661,54.6374269005848,NA,55.121212121212125,NA,NA,50,53,35,NA,NA,39.983333333333334,35.57142857142857,55.639024390243904,NA,NA
1814,48.028985507246375,36.938586755456896,39.5,NA,29.21518987341772,37.76888888888889,34.93421052631579,NA,NA,NA,42,35.34615384615385,46.6374269005848,NA,53.121212121212125,NA,NA,48,NA,42,NA,NA,39.983333333333334,41.631578947368425,54.75297242600556,NA,NA
1815,38.028985507246375,40,60,NA,25.21518987341772,23.591419816138917,30.765625,NA,NA,NA,34,26.346153846153847,32.8187134502924,NA,41.121212121212125,NA,NA,48,41,30,NA,NA,32,26.63157894736842,40.51872142179277,NA,NA
1816,54.028985507246375,65.74509803921569,54,NA,57.21518987341772,51.52080808080808,55,NA,NA,NA,58,52.229729729729726,66.80680868838763,NA,65.12121212121212,NA,NA,59,55,61,NA,NA,69.98333333333333,49.4296875,71.15046224961479,NA,65.1
1817,46.028985507246375,52.21680327868853,43,NA,33.21518987341772,43.591419816138924,45.466145833333336,NA,NA,53,42,39.8433660933661,49.30347985347986,NA,52.72121212121212,NA,NA,47,52,37,NA,NA,56.983333333333334,33,49.53181818181818,NA,46.099999999999994
1818,34.028985507246375,37.8,25,NA,16.193311454914806,26.591419816138917,18.900438596491227,NA,NA,44,22.5,19.72972972972973,30,NA,30.721212121212123,NA,NA,49,33,33,NA,NA,28,32.6304347826087,39.503037131380424,NA,22.099999999999998
1819,40.028985507246375,39.86046511627907,34,NA,21.213887586602084,27.591419816138917,29.166666666666668,NA,NA,42,36,26.843366093366093,34,NA,43.72121212121212,NA,NA,43,41,33,NA,NA,26.98333333333333,29.510204081632654,42.76878612716763,NA,28.4625
1820,42.028985507246375,46.745098039215684,41,NA,27.21518987341772,42.339500624219724,37.86666666666667,NA,NA,54,33.5,33.57588357588358,48.63076923076923,NA,53.121212121212125,NA,NA,48,46,32,NA,NA,30.41388888888889,25.27777777777778,47.72222222222222,NA,32.4625
1821,49.028985507246375,53.612841530054645,48.5,NA,33.21518987341772,48.52080808080808,42.325225225225225,NA,NA,60,43,44.11363636363637,56.315384615384616,NA,58.121212121212125,NA,NA,54,49,35,NA,NA,50.99166666666667,39,60.15046224961479,NA,42.4625
1822,2.695652173913043,9.09045919266702,2.5,NA,-5.7717091212168725,4.020808080808081,0.05043859649122773,-13.032142857142862,NA,25,-1,0.4597902097902118,9.630769230769232,NA,16.12121212121212,NA,NA,24,9,9,NA,NA,3,12,15.670731707317074,NA,-0.03750000000000098
1823,50.028985507246375,50.706989247311824,45.5,NA,36.55918893577123,45.02080808080808,41.47522522522523,NA,NA,55,43,36,54.48809523809524,NA,57.121212121212125,NA,NA,53,50,43,NA,NA,35.91388888888889,34.31578947368421,52.06363636363636,NA,40
1824,44.528985507246375,52.251400560224084,46,NA,33.61150179715578,43.591419816138924,42.39189189189189,NA,NA,51,42,41,52.63076923076923,NA,51.72121212121212,NA,NA,44,49,42,NA,NA,46.41388888888889,43.07031943212068,46.670731707317074,NA,39.07529069767442
1825,36.028985507246375,30,22.5,NA,9.717188540972675,21.02080808080808,21.466145833333336,13.967857142857138,NA,47,19,15,29.745454545454542,NA,24.721212121212123,NA,NA,43,34,12,NA,NA,23.491666666666667,26.5,39.03181818181818,NA,8.075290697674419
1826,31.028985507246375,46.99159663865546,32,NA,18.45939469708807,33.38444444444444,27.466145833333336,23.14642857142857,NA,49,31,24.075883575883577,41,NA,35.121212121212125,NA,NA,47,39,31,NA,NA,32,31.842105263157894,40.01872142179277,NA,22.57529069767442
1827,35.028985507246375,41.86046511627907,32.5,NA,18.45939469708807,30.02080808080808,23.3828125,25.64642857142857,NA,41,27,24.575883575883577,34,NA,35.72121212121212,NA,NA,47,36,31,NA,NA,31,27.07142857142857,40.670731707317074,NA,23.4125
1828,36.028985507246375,40.67213114754098,36,NA,15.278481012658228,34.38444444444444,29.083333333333336,23.64642857142857,NA,47,32,28.575883575883577,37.6374269005848,NA,41.72121212121212,NA,NA,43,50,25,NA,NA,30.913888888888888,21.12406015037594,37.657584172162444,NA,28.4625
1829,34.028985507246375,51.8,44,NA,25.303445850914215,43.339500624219724,38.77470439189189,37.64642857142857,NA,51,43,36.11363636363637,48.6374269005848,NA,51.72121212121212,NA,NA,46,51,35,NA,NA,46.983333333333334,37.10526315789474,50.453840553330906,NA,37.212790697674414
1830,24.028985507246375,35.67213114754098,32,NA,15.639969786945867,30.02080808080808,26.467105263157894,33.64642857142857,NA,46,28,28.843366093366093,40.633333333333326,NA,48.121212121212125,NA,NA,43,41,27,NA,NA,30.844444444444445,25.3265306122449,43.055073995771664,NA,31.57529069767442
1831,40.028985507246375,43.833333333333336,27.5,NA,13.449106631244458,30.02080808080808,28.016666666666666,33.14642857142857,NA,NA,24,22.843366093366093,39.633333333333326,NA,36.121212121212125,NA,NA,50,41,25,NA,NA,37.84444444444445,25.105263157894736,45.06363636363636,NA,24.9625
1832,47.028985507246375,42.575648907103826,35.5,NA,20.493559848989563,36.02080808080808,34,27.146428571428572,NA,NA,32.5,34.729729729729726,45.315384615384616,NA,51.121212121212125,NA,NA,47,55,39,NA,NA,37.983333333333334,34.6,47.4076488775373,NA,32.07529069767442
1833,24.028985507246375,43.132075471698116,32.5,NA,20.650257852789508,29.52080808080808,25.934210526315788,26.646428571428572,NA,NA,29,22.843366093366093,37.24545454545454,NA,39.72121212121212,NA,NA,51,35,31,32,NA,30,25.871428571428574,41.003037131380424,NA,30.212790697674418
1834,10.862318840579709,32.30278157774738,22,NA,8.993559848989563,17.02080808080808,18.39189189189189,14.146428571428569,NA,NA,17.5,15.343366093366095,26.815384615384616,NA,31.12121212121212,NA,NA,39,31,20,23,NA,22.98333333333333,26.00111607142857,28.335365853658537,NA,20.4625
1835,39.028985507246375,50.58064516129032,38,NA,23.993559848989563,37.02080808080808,36.89189189189189,30.14642857142857,NA,NA,37,28.843366093366093,41.63538011695906,NA,40.72121212121212,NA,NA,49,48,31,46,NA,36.84444444444445,38.6,45.954009921455146,NA,32.16279069767442
1836,39.528985507246375,50.99159663865546,36,NA,23.778481012658226,38.02080808080808,34.93421052631579,26.64642857142857,NA,NA,31.5,30.575883575883577,46.562121212121205,NA,40.121212121212125,NA,NA,50,47,38,43,NA,40.983333333333334,32.74490489130435,46.157584172162444,NA,33.55
1837,47.528985507246375,49.627656344869465,40.5,NA,25.78811793509402,40.91011235955057,37.765625,29.646428571428572,NA,NA,36.5,35.69230769230769,48.13538011695906,NA,48.72121212121212,NA,NA,48,49,37,46,NA,37.91388888888889,34.29365079365079,49,NA,33.325581395348834
1838,37.028985507246375,48.30013661202186,41,NA,29.278481012658226,38.91011235955057,40.16666666666667,34.96785714285714,NA,NA,43.5,40.959790209790214,46.81666666666666,NA,48.121212121212125,NA,NA,48,47,36,42,NA,43.91388888888889,37.44444444444444,49.26865671641791,NA,45.05
1839,NA,41.53971994535519,30.5,NA,26.278481012658226,31.76888888888889,26,21.39642857142857,NA,NA,30.5,27.575883575883577,43.062121212121205,NA,40.121212121212125,NA,NA,39,39,32,40,NA,33.41388888888889,34.08333333333333,40.75297242600556,NA,34.825
1840,NA,40.82838070628769,27.5,NA,18.556850988230067,25.910112359550563,25,23.967857142857138,NA,NA,22.5,17.846153846153847,34.633333333333326,NA,41.121212121212125,40,NA,42,38,26,39,NA,29.41388888888889,31.444444444444443,40.52325581395348,41,23.212790697674418
1841,NA,42.35636031649422,31.5,NA,19.278481012658226,27,29.466145833333336,21.39642857142857,NA,NA,32.5,27.575883575883577,37.704914004914,NA,47.121212121212125,35,NA,41,37.538709677419355,27,42,NA,29.98333333333333,27.143274853801167,37.454009921455146,43,34.05
1842,NA,38.459016393442624,23,NA,21.842110746470805,19.272727272727273,15.391891891891891,13.325,NA,NA,21,18.343366093366093,27.6,NA,34.121212121212125,37,NA,38,26.78238583410997,20,34,NA,16.913888888888888,28.26068376068376,31.9076488775373,38.5,20.712790697674418
1843,39.69565217391305,56.60027322404372,47,NA,36.27215189873418,46.91011235955057,41.16666666666667,36.68214285714285,NA,NA,40,39.959790209790214,52.6374269005848,NA,59.121212121212125,54,NA,55,49.625,38,54,NA,49,39.84210526315789,53.61864406779661,46.5,49.05
1844,46.69565217391305,35.56603773584906,25.5,NA,14.778481012658228,23.272727272727273,25.765625,23.682142857142853,NA,NA,20,23.346153846153847,37.07342342342342,NA,33.121212121212125,45,NA,40,37,23,39,NA,28.413888888888888,28.21428571428571,40.15487804878049,44.5,19.662790697674417
1845,29.695652173913043,55.7962962962963,40,NA,38.05685098823007,37.48837209302326,38,31.682142857142853,NA,NA,45,39.459790209790214,50.63076923076923,NA,57.121212121212125,34,NA,53,46.625,32,51,NA,48.84444444444445,37.07692307692308,50.11864406779661,44,46.712790697674414
1846,NA,29.796296296296298,14,NA,14.278481012658228,12.768888888888888,10,8.825,NA,NA,14,13.075883575883577,26.56083916083916,NA,27.12121212121212,29,NA,28,21.525,14,24,NA,20.844444444444445,22.591093117408906,29.454009921455146,36,16.4125
1847,34.69565217391305,39.46841851494696,35,NA,25.341772151898734,35.76888888888889,31,28.825,NA,NA,30,30.959790209790214,43.633333333333326,NA,44.56060606060606,55,NA,48,41.7027027027027,28,43,NA,38.84444444444445,26.824175824175825,43.04651162790697,40,36.4625
1848,35.528985507246375,41,32,NA,19.771929824561404,30.272727272727273,27.765625,22.182142857142857,NA,NA,27,26.846153846153847,43.513513513513516,NA,40.56060606060606,44,NA,46,41.7027027027027,26,41,NA,35.84444444444445,27.125,40.26865671641791,38,30.57529069767442
1849,32.528985507246375,40.955113192818104,33,NA,21,27.272727272727273,32,23.682142857142853,NA,NA,31,30.692307692307693,44.490909090909085,NA,38.06060606060606,56,NA,35,41.4,25,33,NA,34.84444444444445,29,38.23728813559322,41.5,25.549999999999997
1850,33.69565217391305,51.54928017718716,40.5,NA,29.21518987341772,36.76888888888889,39.16666666666667,24.324999999999996,NA,NA,43.5,33.07588357588358,50.93589743589743,NA,45.06060606060606,NA,NA,54,45.7027027027027,37,45,NA,46,34,49.46969421186749,40,34.4625
1851,39.528985507246375,51.62638815441565,40,NA,26.86203573475018,35.76888888888889,38.765625,28.753571428571426,NA,NA,38.5,39.3433660933661,52.752564102564094,NA,50.56060606060606,75,NA,52,50,38,51,NA,50.983333333333334,38.125,52.04651162790697,39,38.212790697674414
1852,41.86231884057971,46.23958333333333,36.5,NA,24.341772151898734,25.339500624219724,37.16666666666667,23.03928571428571,NA,NA,32,27.22727272727273,42.69265419265419,NA,40.56060606060606,55,NA,48,43,27,43,NA,36,34.53846153846154,40.26865671641791,35.5,34.4625
1853,42.528985507246375,57.132075471698116,40.5,NA,39.21518987341772,35.52080808080808,35.47522522522523,29.182142857142853,NA,NA,45.5,34.959790209790214,54.572141372141374,NA,61.56060606060606,59,NA,NA,42.625,38,50,NA,48.84444444444445,39.44444444444444,51.48228043143297,38,50.16279069767442
1854,48.028985507246375,48.002380952380946,39.5,NA,35,28.091419816138917,30.358997155049785,29.825,NA,NA,35,37.61363636363637,45.77612612612612,NA,54.56060606060606,64,NA,NA,38.8625,25,35,NA,36.91388888888889,25.53846153846154,41.04651162790697,45,39.16279069767442
1855,45.028985507246375,51.26629813191003,38,NA,36.771929824561404,35.27272727272727,32.97522522522523,27.03928571428571,NA,NA,41.5,35.459790209790214,48.93589743589743,NA,50.06060606060606,52,NA,58,43.851351351351354,31,40,NA,38,29.125,47.72727272727273,36,39.66279069767442
1856,47.028985507246375,48.56258549931601,36.5,NA,29.90909090909091,32.62863049095607,36.34991776315789,26.825,NA,NA,33,31.959790209790214,49.752564102564094,NA,44.06060606060606,64,NA,33,47.93103448275862,30,42,NA,46,35,47.26865671641791,40,31.4625
1857,24.028985507246375,37.39814814814815,22,NA,19,20.910112359550563,22.083333333333336,15.253571428571423,NA,NA,24,19.692307692307693,36.61538461538461,NA,34.56060606060606,39,NA,27,33.163709677419355,23,38,NA,21,32.07692307692308,39.23728813559322,41,25.07529069767442
1858,39.11231884057971,28.27069716775599,22,NA,20,20.272727272727273,21.083333333333336,16.253571428571426,NA,NA,30.5,19.22727272727273,36.69265419265419,NA,32.56060606060606,44,NA,25,31.338709677419356,20,31,NA,26.98333333333333,24.444444444444443,36,38,23.07529069767442
1859,28.61231884057971,31.828380706287685,23,NA,21.954545454545453,21,18.933333333333334,20.324999999999996,NA,NA,22.5,19,33.9180470793374,NA,31.060606060606062,36,NA,NA,30.151209677419356,26,34,NA,23.98333333333333,23.911764705882355,35.72727272727273,42,23.4125
1860,41.69565217391305,50.238095238095234,45,NA,28,36.76888888888889,37.81614583333334,34.753571428571426,NA,NA,47,42.69230769230769,57.19265419265419,NA,57.56060606060606,NA,NA,NA,47.4,34,46,NA,49.983333333333334,34.44444444444444,52.31951219512195,35,41.16279069767442
1861,37.028985507246375,35.766666666666666,29,NA,21.771929824561404,26.12863049095607,24.583333333333336,21.253571428571423,NA,NA,26.5,23.692307692307693,38.90674486803519,NA,38.56060606060606,51,NA,NA,35.65120967741936,25,40,NA,29.98333333333333,28.698529411764703,35.38689217758985,31,25.662790697674417
1862,20.028985507246375,33.64705882352941,25,NA,19,21.880549682875262,25.866666666666667,18.253571428571426,NA,NA,30,24.692307692307693,36.25675675675676,NA,39.06060606060606,51,NA,16,33.025,25,29,NA,25.991666666666667,22.53846153846154,33.4076488775373,37,26.212790697674418
1863,36.028985507246375,38.132075471698116,32,NA,23.096603635984764,20.910112359550563,28.316145833333334,25.46785714285714,NA,NA,31,24.692307692307693,44.43589743589743,NA,38.06060606060606,56,NA,25,43.2,21,35,NA,20.991666666666667,22.512222222222224,35.454009921455146,32,23.662790697674417
1864,42.028985507246375,38.41918423106948,29,NA,17.21518987341772,25.488372093023255,31.765625,22.182142857142853,NA,NA,25,26,45.072141372141374,NA,35.06060606060606,55,NA,40,42.7027027027027,22,36,NA,37.99166666666667,20.0625,40.9076488775373,32,20.325581395348838
1865,18.028985507246375,17.53971994535519,11,NA,6.152159191540335,10.272727272727273,6.765625,1.1464285714285687,NA,NA,15,9.346153846153847,25.935897435897434,NA,20.060606060606062,39,NA,26,13.038709677419355,10,21,NA,13,21.60096153846154,25.858621667612024,32,13
1866,38.11231884057971,40.71939890710382,32,NA,20.771929824561404,27,32,27.28928571428571,NA,NA,34.5,29.52857142857143,47.31666666666666,NA,44.06060606060606,56,NA,45,40.8125,20,33,NA,37.49166666666667,29.125,45.953840553330906,35,27.662790697674417
1867,37.028985507246375,39.238095238095234,31.5,NA,18.341772151898734,27.76888888888889,25.765625,26.825,NA,NA,35,32.528571428571425,49.25128205128205,NA,49.56060606060606,58,NA,37,36.7,20,38,NA,32.49166666666667,20.125,41.25297242600556,35,31
1868,17.86231884057971,34.27069716775599,12,NA,6.40730322446214,14,9.466145833333334,11.110714285714284,NA,NA,18,9.113636363636365,31.18135198135198,NA,32.56060606060606,31,NA,35,14.16385135135135,15,22,NA,15.491666666666665,17.125,24.35,32,14
1869,30.61231884057971,34.56603773584906,24.5,NA,14.938167421993,21.76888888888889,24,23.753571428571423,NA,NA,26,27,39.774844074844076,NA,49.06060606060606,55,NA,34,36.851351351351354,25,30,NA,28.491666666666667,17.28472222222222,37.7,38.5,16
1870,23.028985507246375,27.719398907103823,15,NA,10.215189873417721,21.02080808080808,11.934210526315788,11.539285714285711,NA,NA,12,15.692307692307693,33.77612612612612,NA,28.560606060606062,47,NA,33,32.8625,17,22,NA,26.413888888888888,17.125,32.72727272727273,32,14
1871,43.278985507246375,36.33606557377049,32,NA,22.21518987341772,35.27272727272727,33,27.967857142857138,NA,NA,33,30.843366093366093,49.45945945945946,NA,43.56060606060606,50,NA,48,43.20120967741936,27,52,NA,43.99166666666667,20.125,42.7,38,25
1872,37.028985507246375,40.86617434787092,29,NA,25.771929824561404,29.488372093023255,31.934210526315788,24.253571428571423,NA,NA,28,27.692307692307693,45.235897435897435,NA,47.56060606060606,44,NA,46,43.7027027027027,32,39,NA,37.49166666666667,22.125,41.26865671641791,34,34
1873,36.028985507246375,38.627656344869465,33,NA,22.771929824561404,29.839500624219724,31.765625,28.682142857142853,NA,NA,26,30.692307692307693,45.961290322580645,NA,46.06060606060606,57,NA,36,43,24,41,NA,33.49166666666667,22.125,39.72727272727273,36,32
1874,28.028985507246375,38.221677559912855,17.5,NA,15,19.488372093023255,25,16.682142857142853,NA,NA,21.5,21,41.40674486803519,NA,34.06060606060606,45,NA,42,33.83870967741936,23,33,NA,31,20.125,35.26865671641791,35.5,2
1875,31.028985507246375,42.28148148148148,25,NA,23.21518987341772,24.839500624219724,33.93421052631579,21.253571428571423,NA,NA,31.5,27,43.06416799574694,NA,45.56060606060606,53,NA,45,37.83870967741936,20,37,NA,25,18.125,33.04651162790697,30,29
1876,41.028985507246375,42.62291666666667,34.5,NA,28.99989581705472,35.62863049095607,29.166666666666668,26.825,NA,NA,31.5,30.874725274725275,49.07547020704916,NA,37.06060606060606,54,NA,50,45.7027027027027,34,47,NA,44.983333333333334,21.125,45.26865671641791,36,32
1877,42.028985507246375,38,31.5,NA,26,35.62863049095607,31,27.396428571428565,NA,NA,32.5,32.227272727272734,47.07547020704916,NA,43.06060606060606,58,NA,48,34.625,25,43,NA,40.983333333333334,19.125,44.04651162790697,32,34
1878,34.028985507246375,38.46909153005464,34,NA,24,35.02080808080808,32.16666666666667,24.253571428571423,NA,NA,36.5,30.692307692307693,51.07342342342342,NA,52.56060606060606,57,NA,45,42.4,25,56,NA,41.983333333333334,19.125,46.670731707317074,35,NA
1879,46.028985507246375,48.234213721918636,48.5,NA,44.21518987341772,47.48837209302326,41.86666666666667,37.825,NA,NA,50.5,53,53.513513513513516,NA,70.56060606060606,49,NA,50,46.7027027027027,NA,58,NA,53.84444444444445,22.125,51.7,40,NA
1880,41.028985507246375,NA,NA,NA,22.64896021699819,29.910112359550563,NA,22.53928571428571,NA,NA,NA,27,40,NA,63,53,NA,41,34,NA,NA,NA,NA,30.125,40.453840553330906,38,NA
1881,25.778985507246375,NA,NA,NA,21.14896021699819,27.272727272727273,NA,22.625,NA,NA,NA,26,NA,NA,34,47,NA,40,36,NA,NA,NA,NA,19.37771739130435,35.453840553330906,NA,NA
1882,36.028985507246375,NA,NA,NA,25.148960216998187,34.88444444444444,NA,33.825,NA,NA,NA,39,NA,NA,48,56,NA,36,46,NA,NA,NA,NA,33.37771739130435,43.453840553330906,NA,NA
1883,35.028985507246375,NA,NA,NA,29.648960216998187,36.76888888888889,NA,25.891666666666666,NA,NA,NA,38,NA,NA,44,52,NA,52,40,NA,NA,NA,NA,35.57142857142857,41.953840553330906,NA,NA
1884,31.028985507246375,NA,NA,NA,25.148960216998187,30.272727272727273,NA,22.825,NA,NA,NA,29,NA,NA,40,52,NA,38,33,NA,NA,NA,NA,30.125,32.453840553330906,25,NA
1885,30.278985507246375,NA,NA,NA,26.148960216998187,25.76888888888889,NA,22.958333333333332,NA,NA,NA,28,NA,NA,42,55,NA,NA,NA,NA,NA,NA,NA,38.919973544973544,34.953840553330906,22.5,NA
1886,29.028985507246375,NA,NA,NA,24.64896021699819,28.910112359550563,NA,22.891666666666666,NA,NA,NA,30,NA,NA,50,53,NA,NA,NA,NA,NA,NA,NA,29.348214285714285,38.953840553330906,17.5,NA
1887,27.028985507246375,NA,NA,NA,24.648960216998187,28.910112359550563,NA,26.891666666666666,NA,NA,NA,33,NA,NA,47,54,NA,NA,NA,NA,NA,NA,NA,26.19345238095238,33.953840553330906,25,NA
1888,NA,NA,NA,NA,32.14896021699819,33.19924222628691,NA,30.39166666666667,NA,NA,NA,41,49.87179487179487,NA,50,55,NA,NA,NA,NA,NA,NA,NA,35.68961038961039,40.453840553330906,29,NA
1889,23.028985507246375,NA,NA,NA,35.64896021699819,25.091419816138917,NA,12.391666666666667,NA,NA,NA,23,44.56923076923077,NA,44,45,NA,NA,NA,NA,NA,NA,NA,27.6304347826087,42.953840553330906,NA,NA
1890,37.028985507246375,NA,NA,NA,31.14896021699819,29.880549682875262,NA,29.89166666666667,NA,NA,NA,36,54.87179487179487,NA,50,53,NA,NA,NA,NA,NA,NA,NA,47.57142857142857,41.453840553330906,NA,NA
1891,43.028985507246375,NA,NA,NA,34.64896021699819,38.69924222628691,NA,38.95833333333333,NA,NA,NA,45,57.961290322580645,NA,51,63,NA,NA,NA,NA,NA,NA,NA,36.44947665056361,40.953840553330906,NA,NA
1892,NA,NA,NA,13,17.64896021699819,23.02080808080808,NA,16.958333333333332,NA,NA,NA,24,33.85,NA,33,40,NA,NA,NA,NA,NA,NA,NA,32.70151515151515,26.953840553330906,NA,NA
1893,14.528985507246375,NA,NA,-6,-12.351039783001811,-0.9791919191919192,NA,-2.175,NA,NA,NA,7,23.6,NA,11,33,NA,NA,NA,NA,NA,28,NA,29.57142857142857,22.453840553330906,NA,NA
1894,NA,NA,NA,15,28.148960216998187,30.272727272727273,NA,25.391666666666666,NA,NA,NA,31,44.85,NA,49,58,NA,NA,NA,NA,NA,39,NA,35.57142857142857,37.453840553330906,NA,NA
1895,NA,NA,NA,15,21.14896021699819,24.272727272727273,NA,17.891666666666666,NA,NA,NA,23,32.6,NA,41,52,NA,NA,NA,NA,NA,38,NA,32.807792207792204,26.953840553330906,20,NA
1896,NA,NA,NA,24,16.14896021699819,27.76888888888889,NA,23.825,NA,NA,NA,21,35.1,NA,28,50,NA,NA,NA,NA,NA,42,NA,33.807792207792204,35.953840553330906,NA,NA
1897,NA,NA,NA,19,15.648960216998189,21.272727272727273,NA,15.958333333333336,NA,NA,NA,27,29.6,NA,39,50,NA,NA,NA,NA,NA,27,NA,32.57142857142857,19.953840553330906,20,NA
1898,NA,NA,NA,26,20.14896021699819,31.272727272727273,NA,38.391666666666666,NA,NA,NA,40,32.6,NA,47,56,NA,NA,NA,NA,NA,42,NA,30.719113495200453,38.953840553330906,NA,NA
1899,36.028985507246375,NA,NA,19,21.148960216998187,26.76888888888889,NA,23.891666666666666,NA,NA,NA,21,39,NA,36,55,NA,NA,NA,NA,NA,25,NA,30.957792207792203,28.453840553330906,NA,NA
1900,35.028985507246375,NA,NA,18,18.14896021699819,28.76888888888889,NA,17.958333333333336,NA,NA,NA,23,NA,NA,33,38,NA,NA,NA,NA,NA,32,NA,36.6304347826087,29.953840553330906,NA,NA
1901,24.028985507246375,NA,NA,10,10.648960216998189,16.52080808080808,NA,19.479166666666668,NA,NA,NA,17.125,36.43333333333334,NA,31,40,NA,NA,NA,NA,NA,34,NA,36.38961038961038,23.953840553330906,NA,NA
1902,45.028985507246375,NA,NA,27,20.64896021699819,32.38444444444444,NA,31,NA,NA,NA,40.125,NA,NA,42,56,NA,NA,NA,NA,NA,NA,NA,42.9577922077922,36.453840553330906,15,NA
1903,43.028985507246375,NA,NA,30,22.14896021699819,34.76888888888889,NA,33,NA,NA,NA,31,50.6,NA,45,48,NA,NA,NA,NA,NA,40,NA,45.9577922077922,33.453840553330906,NA,NA
1904,23.028985507246375,NA,NA,9,15.148960216998189,18.76888888888889,NA,17,NA,NA,NA,16.125,NA,NA,33,32,NA,NA,NA,NA,NA,26,NA,24.582792207792203,17.953840553330906,NA,NA
1905,24.028985507246375,NA,NA,15,13.648960216998189,24.76888888888889,NA,23,NA,NA,NA,31.625,30.6,NA,32,32,NA,NA,NA,NA,NA,48,NA,26.6304347826087,27.453840553330906,27,NA
1906,32.028985507246375,NA,NA,8,11.648960216998189,22.52080808080808,NA,18,NA,NA,NA,24,31.6,NA,28,40,NA,NA,NA,NA,NA,40,NA,30.600931677018636,30.453840553330906,NA,NA
1907,34.028985507246375,NA,NA,24,22.14896021699819,34.52080808080808,NA,30,NA,NA,NA,32,NA,NA,49,31,NA,NA,NA,NA,NA,34,NA,38.26190476190476,39.453840553330906,28.5,NA
1908,21.028985507246375,NA,NA,13,14.09538878842676,23.02080808080808,NA,16,NA,NA,NA,22,NA,NA,35,45,NA,NA,NA,NA,NA,49,NA,30.919973544973544,28.953840553330906,31,NA
1909,24.028985507246375,NA,NA,27,22.09538878842676,33.52080808080808,NA,26,NA,NA,NA,29,59,NA,41,30,NA,NA,NA,NA,NA,48,NA,31.26851851851852,40.453840553330906,45,NA
1910,41.028985507246375,NA,NA,NA,36.444225997729085,NA,NA,NA,NA,NA,NA,52,NA,21.88,49,33,NA,NA,NA,NA,NA,55,NA,28.26851851851852,37.453840553330906,NA,NA
1911,25.028985507246375,NA,NA,9,14.444225997729085,12.428888888888888,NA,10,NA,NA,NA,14,34.93333333333334,16.88,29,31,NA,NA,NA,NA,NA,41,NA,13.268518518518519,25.953840553330906,NA,NA
1912,31.028985507246375,NA,NA,17,19.444225997729085,29.02080808080808,NA,28,NA,NA,NA,24,44,10.88,38,37,NA,NA,NA,NA,NA,44,NA,29.919973544973544,46.453840553330906,NA,NA
1913,13.028985507246375,NA,NA,NA,22.944225997729085,33.02080808080808,NA,36,NA,NA,NA,34,NA,20.88,47,30,NA,NA,NA,NA,NA,45,NA,NA,29.953840553330906,NA,NA
1914,NA,NA,NA,26,19.09538878842676,35.52080808080808,NA,28,NA,NA,NA,24,45,NA,42,54,NA,NA,NA,NA,NA,45,NA,NA,35.953840553330906,40,NA
1915,NA,NA,NA,13,19.09538878842676,16.272727272727273,NA,10,NA,NA,NA,18,40,NA,34,31,NA,NA,NA,NA,NA,42,NA,23.26851851851852,26.453840553330906,19.5,NA
1916,NA,NA,NA,29,24.09538878842676,36.27272727272727,NA,25,NA,NA,NA,34,47,NA,43,48,NA,NA,NA,NA,NA,46,NA,38.26461038961038,37.453840553330906,10.5,NA
1917,NA,NA,NA,13,16.09538878842676,NA,NA,10,NA,NA,NA,17,26,NA,34,24,NA,NA,NA,NA,NA,NA,NA,23.43425925925926,18.953840553330906,17.5,NA
1918,NA,NA,NA,24,22.09538878842676,25.52080808080808,NA,24,NA,NA,NA,20,42,21.88,38,18,NA,NA,NA,NA,NA,NA,NA,29.26190476190476,31.453840553330906,20,NA
1919,36.028985507246375,NA,NA,22,19.09538878842676,28.910112359550563,NA,28,NA,NA,NA,22,46,13.88,34,15,NA,NA,NA,NA,NA,NA,NA,20.931878306878307,32.453840553330906,NA,NA
1920,24.028985507246375,NA,NA,NA,18.944225997729085,27.02080808080808,NA,22,NA,NA,NA,27,40,6.88,58,39,NA,NA,NA,NA,NA,NA,NA,18.595238095238095,24.953840553330906,NA,NA
1921,NA,NA,NA,NA,13.09538878842676,20.76888888888889,NA,19,NA,NA,NA,12,27,10.88,38,28,NA,NA,NA,NA,NA,37,NA,12.76521164021164,21.953840553330906,NA,NA
1922,NA,NA,NA,NA,10.944225997729085,26.08888888888889,NA,23,NA,NA,NA,27,41,11.88,44,44,NA,NA,NA,NA,NA,41,NA,12.449476650563609,34.953840553330906,NA,NA
1923,NA,NA,NA,NA,26.095388788426757,28.76888888888889,NA,38,NA,NA,NA,32,41,21.88,40,53,NA,NA,NA,NA,NA,NA,NA,29.53815536315536,36.953840553330906,NA,NA
1924,NA,NA,NA,NA,15.944225997729085,23.272727272727273,NA,24.3125,NA,NA,NA,26,36,9.88,41,44,NA,NA,NA,NA,NA,31,NA,18.76521164021164,31.453840553330906,NA,NA
1925,NA,NA,NA,NA,28.94422599772908,22.52080808080808,NA,29.3125,NA,NA,NA,31,43,25.03,45,42,NA,NA,NA,NA,NA,59,NA,21.26851851851852,29.965947467166984,40,NA
1926,36.028985507246375,NA,NA,NA,23.444225997729085,24.52080808080808,NA,35.3125,NA,NA,NA,30,44,26.53,46,50,NA,NA,NA,NA,NA,58,NA,21.26521164021164,38.639024390243904,20,NA
1927,NA,NA,NA,NA,19.444225997729085,21.52080808080808,NA,22.8125,NA,NA,NA,29,39,6.53,45,48,NA,NA,NA,NA,NA,40,NA,19.57142857142857,26.639024390243904,NA,NA
1928,NA,NA,NA,NA,17.444225997729085,25.272727272727273,NA,27.8125,NA,NA,NA,27,33,22.88,35,43,NA,NA,NA,NA,NA,38,NA,24.26851851851852,27.639024390243904,NA,NA
1929,NA,NA,NA,18,22.09538878842676,24.52080808080808,NA,25.3125,NA,NA,NA,26,37,11.03,39,39,NA,NA,NA,NA,NA,33,NA,27.26521164021164,26.639024390243904,29,NA
1930,NA,NA,NA,22,26.44422599772908,26.52080808080808,NA,25.3125,NA,NA,NA,36,40,15.53,48,24,NA,NA,NA,NA,NA,42,NA,24.26851851851852,33.639024390243904,25.5,NA
1931,NA,NA,NA,14,20.09538878842676,26.272727272727273,NA,27,NA,NA,NA,33,38,19.53,44,36,NA,NA,NA,NA,NA,42,NA,NA,32.639024390243904,27.5,NA
1932,41,NA,NA,29,39.944225997729085,34.76888888888889,NA,34,NA,NA,NA,42,50,33.53,45,29,NA,NA,NA,NA,NA,42,NA,36.53815536315536,40.26865671641791,40,NA
1933,35,NA,NA,15,20.09538878842676,26.272727272727273,NA,22.8125,NA,NA,NA,21,NA,16.03,37,32,NA,NA,NA,NA,NA,42,NA,NA,35.965947467166984,20,NA
1934,11,NA,NA,4,16.09538878842676,16.272727272727273,NA,15,NA,NA,NA,10,31,15.88,36,19,NA,NA,NA,NA,NA,42,NA,NA,19.639024390243904,NA,NA
1935,27,NA,NA,16,24.09538878842676,31.272727272727273,NA,29,NA,NA,NA,23,37,21.88,38,25,NA,NA,NA,NA,NA,42,NA,NA,33.965947467166984,NA,NA
1936,24,NA,NA,19,31.095388788426757,29.76888888888889,NA,31,NA,NA,NA,35,37,26.88,41,28,NA,NA,NA,NA,NA,42,NA,NA,31.117302091792446,NA,NA
1937,15,NA,NA,8,19.09538878842676,17.76888888888889,NA,21,NA,NA,NA,19,25,11.88,42,15,NA,NA,NA,NA,NA,42,NA,NA,24.965947467166984,NA,NA
1938,34,NA,NA,NA,24.746250857392273,31.76888888888889,NA,28,NA,NA,NA,26,42,20.88,45,33,NA,NA,NA,NA,NA,42,NA,NA,39.26865671641791,NA,NA
1939,40,NA,NA,27,26.246250857392276,41.52080808080808,NA,34,NA,NA,NA,34,55,24.88,41,28,NA,NA,NA,NA,NA,42,NA,NA,43.965947467166984,NA,NA
1940,31,NA,NA,19,24.39711292635779,26.272727272727273,NA,25,NA,NA,NA,23,33,22.88,42,27,NA,NA,NA,NA,NA,40,NA,23.5,27.639024390243904,NA,NA
1941,42,NA,NA,27,24.944225997729085,37.52080808080808,NA,36,NA,NA,NA,34,44,22.88,45,43,NA,NA,NA,NA,NA,57,NA,24.25,38.965947467166984,NA,NA
1942,37,NA,NA,14,21.09538878842676,25.52080808080808,NA,24,NA,NA,NA,30,25,14.88,44,31,NA,NA,NA,NA,NA,33,NA,5.5,25.639024390243904,NA,NA
1943,26,NA,NA,5,14.746250857392276,19.729141414141413,NA,15,NA,NA,NA,15,28,10.88,40,27,NA,NA,NA,NA,NA,34,NA,10,22.965947467166984,NA,NA
1944,24,NA,NA,18,20.944225997729085,33.18080808080808,NA,27,NA,NA,NA,27,39,15.88,40,NA,NA,NA,NA,NA,NA,46,NA,15.600000000000001,28.965947467166984,NA,NA
1945,9,NA,NA,1,8.944225997729085,16.76888888888889,NA,8,NA,NA,NA,4,11,8.88,NA,12,NA,NA,NA,NA,NA,45,NA,26.888630009319662,11.965947467166984,NA,NA
1946,27,NA,NA,17,29.793063207031405,24.97722222222222,NA,28,NA,NA,NA,32,32,21.88,37,20,NA,NA,NA,NA,NA,44,NA,31.888630009319662,24.965947467166984,NA,NA
1947,26,NA,NA,6,13.05632628842676,16.272727272727273,NA,5,NA,NA,NA,8,22,NA,29,23,NA,NA,NA,NA,NA,36,NA,26.888630009319662,18.639024390243904,NA,NA
1948,NA,NA,NA,15,20.79306320703141,25.729141414141413,NA,20,NA,NA,NA,29,41,NA,31,22,NA,NA,NA,NA,NA,43,NA,28.888630009319662,36.639024390243904,NA,NA
1949,NA,NA,NA,12,26.095388788426757,24.97722222222222,NA,19,NA,NA,NA,20,27,NA,26,25,NA,NA,NA,NA,NA,29,NA,20.888630009319666,28.965947467166984,NA,NA
1950,27.935483870967744,NA,NA,9,17.09538878842676,21.76888888888889,NA,11,NA,NA,NA,20,25,NA,27,NA,NA,NA,NA,NA,NA,34,NA,26.888630009319662,27.965947467166984,NA,NA
1951,47.935483870967744,NA,NA,30,34.09538878842676,34.22914141414141,NA,31,NA,NA,NA,37,52,19.88,46,NA,NA,NA,NA,NA,NA,47,NA,39.40587138863001,40.965947467166984,NA,NA
1952,31.935483870967744,NA,NA,6,16.05632628842676,16.52080808080808,NA,8,NA,NA,NA,9,22,9.88,26,NA,NA,NA,NA,NA,NA,43,NA,27.90587138863001,22.268656716417908,NA,NA
1953,35.935483870967744,NA,NA,11,28.81922599772908,22.52080808080808,NA,15,NA,NA,NA,23,30,16.88,35,NA,NA,NA,NA,NA,NA,43,NA,29.40587138863001,32.639024390243904,NA,NA
1954,47.935483870967744,NA,NA,25,35.39711292635779,38.18080808080808,NA,27,NA,NA,NA,41,43,24.88,48,NA,NA,NA,NA,NA,NA,50,NA,33.40587138863001,43.965947467166984,NA,NA
1955,49.935483870967744,NA,NA,23,25.056326288426757,30.76888888888889,NA,28,NA,NA,NA,28,42,17.88,34,NA,NA,NA,NA,NA,NA,36,NA,26.92311276794036,36.639024390243904,NA,NA
1956,52.935483870967744,NA,NA,38,39.20085753842676,42.27272727272727,NA,38,NA,NA,NA,45,52,26.88,45,NA,NA,NA,NA,NA,NA,52,NA,35.88863000931966,42.639024390243904,NA,NA
1957,44.935483870967744,NA,NA,21,29.095088066694597,31.910112359550563,NA,20,NA,NA,NA,NA,42,24.88,37,NA,NA,NA,NA,NA,NA,46,NA,25.888630009319662,33.639024390243904,NA,NA
1958,38.935483870967744,NA,NA,26,35.424694747729085,30.76888888888889,NA,31,NA,NA,NA,43,41,23.88,46,NA,NA,NA,NA,NA,NA,43,NA,26.888630009319662,29.639024390243904,NA,NA
1959,33.935483870967744,NA,NA,10,20.621250857392276,16.07722222222222,NA,10,NA,NA,NA,16,21,18.88,26,NA,NA,NA,NA,NA,NA,40,NA,26.888630009319662,23.639024390243904,NA,NA
1960,42.935483870967744,NA,NA,12,13.424694747729085,20.76888888888889,NA,12,NA,NA,NA,27,34,17.88,29,NA,NA,NA,NA,NA,NA,40,NA,20.888630009319666,27.639024390243904,NA,NA
1961,41.935483870967744,NA,NA,39,14.5950880666946,24.76888888888889,NA,20,NA,NA,NA,26,35,13.88,33,NA,NA,NA,NA,NA,NA,33,NA,11.923112767940356,29.965947467166984,NA,NA
1962,50.935483870967744,NA,NA,26,30.746250857392276,39.52080808080808,NA,34,NA,NA,NA,52,45,29.88,48,NA,NA,NA,NA,NA,NA,45,NA,28.92311276794036,38.639024390243904,NA,NA
1963,46.935483870967744,NA,NA,31,33.09538878842676,36.76888888888889,NA,35,NA,NA,NA,44,48,27.88,51,NA,NA,NA,NA,NA,NA,52,NA,22.888630009319666,39.639024390243904,NA,NA
1964,37.935483870967744,NA,NA,15,25.056326288426757,21.54783395755306,NA,17,NA,NA,NA,22,26,19.88,35,NA,NA,NA,NA,28,NA,32,NA,16.026561043802424,25.268656716417908,NA,NA
1965,48.935483870967744,NA,NA,34,30.595388788426757,41.91011235955057,NA,39.5,NA,NA,NA,48,51,21.88,52,NA,NA,NA,NA,27,NA,44,NA,23.888630009319666,41.639024390243904,NA,NA
1966,42.935483870967744,NA,NA,16,22.496250857392276,26.185555555555553,NA,23,NA,NA,NA,34,40,17.88,41,NA,NA,NA,NA,28,NA,43,NA,20.026561043802424,26.639024390243904,NA,NA
1967,41.935483870967744,NA,NA,28,22.226719607392276,31.52080808080808,NA,28,NA,NA,NA,34,28,19.88,40,NA,NA,NA,NA,37,NA,48,NA,25.92311276794036,27.965947467166984,NA,NA
1968,46.935483870967744,NA,NA,27,24.319225997729085,31.76888888888889,NA,33.5,NA,NA,NA,29,34,23.88,45,NA,NA,NA,NA,37,NA,48,NA,24.888630009319662,27.965947467166984,NA,NA
1969,45.935483870967744,NA,NA,30,23.496250857392276,35.76888888888889,NA,31,NA,NA,NA,23,31,29.88,36,NA,NA,NA,NA,36,NA,47,NA,22.923112767940356,29.302485928705444,NA,NA
1970,47.33870967741936,NA,NA,25,26.450857538426757,29.968888888888888,NA,27,NA,NA,NA,29,27,20.88,36,NA,NA,NA,NA,40,NA,44,NA,22.888630009319666,31.302485928705444,NA,NA
1971,36.33870967741936,NA,NA,18,26.595088066694597,19.054603174603177,NA,18,NA,NA,NA,17,18,25.88,35,NA,NA,NA,NA,32,NA,59.5,NA,25.026561043802424,26.246930373149887,NA,NA
1972,50.74193548387097,NA,NA,28,36.0950880666946,36.27272727272727,NA,42,NA,NA,NA,35,42,30.88,50,NA,NA,NA,NA,42,NA,58.5,NA,25.92311276794036,36.74693037314989,NA,NA
1973,45,NA,NA,21,24.871250857392273,23.52080808080808,NA,28,NA,NA,NA,19,28,25.71,35,NA,NA,NA,NA,29,NA,45.5,NA,21.923112767940356,28.083468834688347,NA,NA
1974,41.74193548387097,NA,NA,23,26.595088066694597,24.911746031746034,NA,28,NA,NA,NA,NA,28,31.71,40,NA,NA,NA,NA,44,NA,57.5,NA,27.92311276794036,30.246930373149887,NA,NA
1975,40.74193548387097,NA,NA,25,24.0950880666946,26.52080808080808,NA,30.5,NA,NA,NA,28,29,24.88,39,NA,NA,NA,NA,41,NA,55,NA,26.92311276794036,25.574643119340898,NA,NA
1976,21.741935483870968,NA,NA,6,11.746250857392276,8.768888888888888,NA,1,NA,NA,NA,10,1,20.71,20,NA,NA,NA,NA,23,NA,39,NA,17.888630009319666,15.583468834688349,NA,NA
1977,48.74193548387097,NA,NA,NA,34.39711292635779,35.08653594771243,NA,36,NA,NA,NA,41,NA,26.88,NA,NA,NA,NA,NA,40,NA,64,NA,27.888630009319662,38.08346883468835,NA,NA
1978,53,NA,NA,NA,35.226719607392276,35.12007936507936,NA,39,NA,NA,NA,NA,NA,32.88,NA,NA,NA,NA,NA,40,NA,60.5,NA,25.92311276794036,39.52791327913279,NA,NA
1979,43.935483870967744,NA,NA,NA,29.726719607392273,27.120079365079363,NA,33,NA,NA,NA,NA,NA,26,43.333333333333336,NA,NA,NA,NA,31,NA,45.5,NA,15.888630009319666,29.52791327913279,NA,NA
1980,56.74193548387097,NA,NA,NA,34.726719607392276,38.98235776707688,NA,39,NA,NA,NA,NA,NA,34.71,48.333333333333336,NA,NA,NA,NA,31,NA,58,NA,26.888630009319662,37.24693037314989,NA,NA
1981,36.74193548387097,NA,NA,NA,24.226719607392276,24.054603174603177,NA,28,NA,NA,NA,NA,NA,28,41.333333333333336,NA,NA,NA,NA,45,NA,43,NA,17.888630009319666,20.746930373149887,NA,NA
1982,42.74193548387097,NA,NA,NA,14.726719607392276,19.027712418300652,NA,20,NA,NA,NA,NA,NA,21.71,25.333333333333336,NA,NA,NA,NA,31,NA,39.5,NA,17.40587138863001,17.746930373149887,NA,NA
1983,38.935483870967744,NA,NA,NA,27.226719607392273,26.027712418300652,NA,29,NA,NA,NA,NA,NA,24.88,38.333333333333336,NA,NA,NA,NA,19,NA,36.5,NA,24.457595526561043,19.746930373149887,NA,NA
1984,50.935483870967744,NA,NA,NA,27.226719607392273,33.51174603174603,NA,38,NA,NA,NA,NA,NA,30.71,43.333333333333336,NA,NA,NA,NA,32,NA,40.5,NA,25.888630009319662,30.574643119340898,NA,NA
1985,39.935483870967744,NA,NA,NA,23.726719607392276,27.070569561157797,NA,30,NA,NA,NA,NA,NA,24.88,40.333333333333336,NA,NA,NA,NA,43,NA,46.5,NA,21.888630009319666,33.5746431193409,NA,NA
1986,44.74193548387097,NA,NA,NA,27.726719607392273,24.620079365079363,NA,30,NA,NA,NA,NA,NA,27.71,42.388888888888886,NA,NA,NA,NA,36,NA,41,NA,17.026561043802424,27.52791327913279,NA,NA
1987,49,NA,NA,NA,28.726719607392273,28.968888888888888,NA,37,NA,NA,NA,NA,NA,26.71,44.388888888888886,NA,NA,NA,NA,33,NA,46.5,NA,22.888630009319666,31.746930373149887,NA,NA
1988,37.935483870967744,NA,NA,NA,27.226719607392273,22.054603174603177,NA,26,NA,NA,NA,NA,NA,21.71,35.888888888888886,NA,NA,NA,NA,39,NA,33,NA,16.026561043802424,22.574643119340898,NA,NA
1989,29.935483870967744,NA,NA,NA,1.2267196073922761,14.054603174603177,NA,12,NA,NA,NA,NA,NA,12.61,21.333333333333336,NA,NA,NA,NA,28,NA,32.5,NA,12.888630009319666,16.527913279132793,NA,NA
1990,35.74193548387097,NA,NA,NA,9.226719607392276,20.08653594771242,NA,16,NA,NA,NA,NA,NA,13.3,25.388888888888893,NA,NA,NA,NA,16,NA,31.5,NA,13.888630009319666,18.574643119340898,NA,NA
1991,40.74193548387097,NA,NA,NA,25.726719607392276,26.027712418300652,NA,31,NA,NA,NA,NA,NA,18.94,40.333333333333336,NA,NA,NA,NA,26,NA,43,NA,20.923112767940356,24.527913279132793,NA,NA
1992,32.935483870967744,NA,NA,NA,19.726719607392276,16.261746031746032,NA,19,NA,NA,NA,NA,NA,20.71,24.888888888888893,NA,NA,NA,NA,32,NA,44.5,NA,14.923112767940356,15.574643119340898,NA,NA
1993,25.935483870967744,NA,NA,NA,17.226719607392276,16.511746031746032,NA,14,NA,NA,NA,NA,NA,20.71,32.388888888888886,NA,NA,NA,NA,24,NA,34,NA,13.923112767940356,16.965947467166984,NA,NA
1994,28,NA,NA,NA,13.226719607392276,16.185555555555553,NA,19,NA,NA,NA,NA,NA,12.5,27.888888888888893,NA,NA,NA,NA,26,NA,22.5,NA,8.957595526561045,9.965947467166984,NA,NA
1995,36.74193548387097,NA,NA,NA,13.226719607392276,22.511746031746032,NA,25,NA,NA,NA,NA,NA,15.36,31.333333333333336,NA,NA,NA,NA,20,NA,36,NA,15.923112767940356,21.965947467166984,NA,NA
1996,38.74193548387097,NA,NA,NA,17.726719607392276,20.185555555555553,NA,22,NA,NA,NA,NA,NA,23.11,33.888888888888886,NA,NA,NA,NA,27,NA,37.5,NA,20.923112767940356,26.574643119340898,NA,NA
1997,32.74193548387097,NA,NA,NA,12.726719607392276,11.910112359550563,NA,18,NA,NA,NA,NA,NA,14.88,32.888888888888886,NA,NA,NA,NA,17,NA,28.5,NA,13.888630009319666,21.574643119340898,NA,NA
1998,25.741935483870968,NA,NA,NA,15.726719607392276,18.054603174603177,NA,17,NA,NA,NA,NA,NA,21.86,34.333333333333336,NA,NA,NA,NA,25,NA,45,NA,8.888630009319666,14.527913279132793,NA,NA
1999,35.74193548387097,NA,NA,NA,4.226719607392276,16.054603174603177,NA,19,NA,NA,NA,NA,NA,23,27.444444444444446,NA,NA,NA,NA,24,NA,38.5,NA,11.923112767940356,22.965947467166984,NA,NA
2000,22.741935483870968,NA,NA,NA,15.726719607392276,11.185555555555553,NA,17,NA,NA,NA,NA,NA,23.5,29.444444444444446,NA,NA,NA,NA,18,NA,33.5,NA,8.923112767940356,5.965947467166984,NA,NA
2001,32.74193548387097,NA,NA,NA,18.726719607392276,20.054603174603177,NA,26,NA,NA,NA,NA,NA,15.5,30.888888888888893,NA,NA,NA,NA,27,NA,41.5,NA,7.923112767940356,19.965947467166984,NA,NA
2002,31.741935483870968,NA,NA,NA,26.726719607392276,16.185555555555553,NA,17,NA,NA,NA,NA,NA,20.75,34.388888888888886,NA,NA,NA,NA,17,NA,35,NA,10.923112767940356,20.27029529325394,NA,NA
2003,8,NA,NA,NA,-4.273280392607724,-10.089887640449437,NA,-4,NA,NA,NA,NA,NA,12.38,13.333333333333336,NA,NA,NA,NA,-2,NA,27,NA,0.026561043802423967,-7.729704706746059,NA,NA
2004,34,NA,NA,NA,11.05632628842676,21.48235776707687,NA,26,NA,NA,NA,NA,NA,21.5,31,NA,NA,NA,NA,23,NA,37.5,NA,12.888630009319666,24.77029529325394,NA,NA
2005,29,NA,NA,NA,-4.94367371157324,13.468888888888888,NA,16,NA,NA,NA,NA,NA,20.38,24,NA,NA,NA,NA,21,NA,30,NA,9.923112767940356,20.77029529325394,NA,NA
2006,NA,NA,NA,NA,16.05632628842676,15.98235776707687,NA,16,NA,NA,NA,NA,NA,12.36,28.333333333333336,NA,NA,NA,NA,20,NA,28.5,NA,9.47483690587139,19.77029529325394,NA,NA
2007,NA,NA,NA,NA,NA,NA,NA,NA,NA,NA,NA,NA,NA,15,NA,NA,NA,NA,NA,NA,NA,33,NA,NA,15.965947467166984,NA,NA
